# generated by tools/scad2obj from build/3mf/car_sedan.3mf
# footprint 2.25 0.98
v -2.25 0.2 0.9 0.91764706 0.91764706 0.91764706
v -2.25 0.44 0.88 0.91764706 0.91764706 0.91764706
v -2.25 0.22 0.88 0.91764706 0.91764706 0.91764706
vn -0.99975604 0 0
f 1//1 2//1 3//1
v -2.25 0.2 0.9 0.91764706 0.91764706 0.91764706
v -1.570294 0.2 0.9 0.91764706 0.91764706 0.91764706
v -1.62 0.32 0.9 0.91764706 0.91764706 0.91764706
vn 0 0 1
f 4//2 5//2 6//2
v -2.25 0.2 0.9 0.91764706 0.91764706 0.91764706
v -1.570294 0.2 0.68 0.91764706 0.91764706 0.91764706
v -1.570294 0.2 0.9 0.91764706 0.91764706 0.91764706
vn 0 -1 0
f 7//3 8//3 9//3
v -1.570294 0.2 0.68 0.91764706 0.91764706 0.91764706
v -1.426294 0.2 0.67 0.91764706 0.91764706 0.91764706
v -1.426294 0.2 0.68 0.91764706 0.91764706 0.91764706
vn 0 -0.9004438 0
f 10//4 11//4 12//4
v -2.25 0.2 0.9 0.91764706 0.91764706 0.91764706
v -2.25 0.32 0.9 0.91764706 0.91764706 0.91764706
v -2.25 0.76 0.88 0.91764706 0.91764706 0.91764706
vn -0.98543835 0 0
f 13//5 14//5 15//5
v -2.25 0.2 0.9 0.91764706 0.91764706 0.91764706
v -2.15 0.88 0.9 0.91764706 0.91764706 0.91764706
v -2.25 0.32 0.9 0.91764706 0.91764706 0.91764706
vn 0 0 1
f 16//6 17//6 18//6
v -2.25 0.2 0.9 0.91764706 0.91764706 0.91764706
v -2.25 0.76 0.88 0.91764706 0.91764706 0.91764706
v -2.25 0.44 0.88 0.91764706 0.91764706 0.91764706
vn -0.9999959 0 0
f 19//7 20//7 21//7
v -2.25 0.2 0.9 0.91764706 0.91764706 0.91764706
v -1.62 0.32 0.9 0.91764706 0.91764706 0.91764706
v -2.15 0.88 0.9 0.91764706 0.91764706 0.91764706
vn 0 0 1
f 22//8 23//8 24//8
v -2.25 0.32 0.9 0.91764706 0.91764706 0.91764706
v -2.15 0.88 0.9 0.91764706 0.91764706 0.91764706
v -2.25 0.76 0.88 0.91764706 0.91764706 0.91764706
vn -0.24644029 0.044007152 0.9681583
f 25//9 26//9 27//9
v -2.25 0.76 0.88 0.91764706 0.91764706 0.91764706
v -2.25 0.58 0.84 0.91764706 0.91764706 0.91764706
v -2.25 0.44 0.88 0.91764706 0.91764706 0.91764706
vn -1 -0 0
f 28//10 29//10 30//10
v -2.25 0.58 0.84 0.91764706 0.91764706 0.91764706
v -2.25 0.58 0.64 0.91764706 0.91764706 0.91764706
v -2.25 0.44 0.88 0.91764706 0.91764706 0.91764706
vn -0.99999994 -0 -0
f 31//11 32//11 33//11
v -2.25 0.76 0.88 0.91764706 0.91764706 0.91764706
v -2.25 0.74 0.84 0.91764706 0.91764706 0.91764706
v -2.25 0.58 0.84 0.91764706 0.91764706 0.91764706
vn -0.99999595 0 0
f 34//12 35//12 36//12
v -2.15 0.88 0.9 0.91764706 0.91764706 0.91764706
v -1.62 0.32 0.9 0.91764706 0.91764706 0.91764706
v -1.526274 0.546274 0.9 0.91764706 0.91764706 0.91764706
vn 0 0 1
f 37//13 38//13 39//13
v -2.15 0.88 0.9 0.91764706 0.91764706 0.91764706
v -1.526274 0.546274 0.9 0.91764706 0.91764706 0.91764706
v -1.3 0.64 0.9 0.91764706 0.91764706 0.91764706
vn 0 0 1
f 40//14 41//14 42//14
v -2.25 0.2 0.9 0.91764706 0.91764706 0.91764706
v -2.25 0.22 0.88 0.91764706 0.91764706 0.91764706
v -2.25 0.2 -0.9 0.91764706 0.91764706 0.91764706
vn -1 0 0
f 43//15 44//15 45//15
v -2.25 0.58 0.64 0.91764706 0.91764706 0.91764706
v -2.25 0.44 -0.137142 0.91764706 0.91764706 0.91764706
v -2.25 0.44 0.88 0.91764706 0.91764706 0.91764706
vn -1 -0 0
f 46//16 47//16 48//16
v -2.25 0.58 0.64 0.91764706 0.91764706 0.91764706
v -2.25 0.74 0.64 0.91764706 0.91764706 0.91764706
v -2.25 0.44 -0.137142 0.91764706 0.91764706 0.91764706
vn -1 0 -0
f 49//17 50//17 51//17
v -1.173705 0.2 0.68 0.91764706 0.91764706 0.91764706
v -1.173705 0.2 0.67 0.91764706 0.91764706 0.91764706
v -1.029705 0.2 0.68 0.91764706 0.91764706 0.91764706
vn 0 -0.9004436 0
f 52//18 53//18 54//18
v -0.98 0.32 0.9 0.91764706 0.91764706 0.91764706
v -1.029705 0.2 0.9 0.91764706 0.91764706 0.91764706
v 1.129705 0.2 0.9 0.91764706 0.91764706 0.91764706
vn 0 0 1
f 55//19 56//19 57//19
v -1.029705 0.2 0.9 0.91764706 0.91764706 0.91764706
v -1.029705 0.2 0.68 0.91764706 0.91764706 0.91764706
v 1.129705 0.2 0.68 0.91764706 0.91764706 0.91764706
vn 0 -0.99999994 0
f 58//20 59//20 60//20
v -2.15 0.88 0.9 0.91764706 0.91764706 0.91764706
v -1.3 0.64 0.9 0.91764706 0.91764706 0.91764706
v 1.08 0.32 0.9 0.91764706 0.91764706 0.91764706
vn 0 0 1
f 61//21 62//21 63//21
v -2.15 0.88 0.9 0.91764706 0.91764706 0.91764706
v 1.08 0.32 0.9 0.91764706 0.91764706 0.91764706
v -1.2 0.84 0.9 0.91764706 0.91764706 0.91764706
vn 0 0 1
f 64//22 65//22 66//22
v -1.073725 0.546274 0.9 0.91764706 0.91764706 0.91764706
v -0.98 0.32 0.9 0.91764706 0.91764706 0.91764706
v 1.08 0.32 0.9 0.91764706 0.91764706 0.91764706
vn 0 0 1
f 67//23 68//23 69//23
v -1.3 0.64 0.9 0.91764706 0.91764706 0.91764706
v -1.073725 0.546274 0.9 0.91764706 0.91764706 0.91764706
v 1.08 0.32 0.9 0.91764706 0.91764706 0.91764706
vn 0 0 1
f 70//24 71//24 72//24
v -2.25 0.2 0.9 0.91764706 0.91764706 0.91764706
v 2.25 0.2 -0.9 0.91764706 0.91764706 0.91764706
v -1.570294 0.2 0.68 0.91764706 0.91764706 0.91764706
vn 0 -1 0
f 73//25 74//25 75//25
v 2.25 0.2 -0.9 0.91764706 0.91764706 0.91764706
v -1.426294 0.2 0.67 0.91764706 0.91764706 0.91764706
v -1.570294 0.2 0.68 0.91764706 0.91764706 0.91764706
vn 0 -1 0
f 76//26 77//26 78//26
v 2.25 0.2 -0.9 0.91764706 0.91764706 0.91764706
v -1.173705 0.2 0.67 0.91764706 0.91764706 0.91764706
v -1.426294 0.2 0.67 0.91764706 0.91764706 0.91764706
vn 0 -1 0
f 79//27 80//27 81//27
v -2.25 0.76 0.88 0.91764706 0.91764706 0.91764706
v -2.25 0.74 0.64 0.91764706 0.91764706 0.91764706
v -2.25 0.74 0.84 0.91764706 0.91764706 0.91764706
vn -0.9994465 0 0
f 82//28 83//28 84//28
v -2.15 0.88 0.9 0.91764706 0.91764706 0.91764706
v -1.2 0.84 0.9 0.91764706 0.91764706 0.91764706
v -1.2 0.88 0.9 0.91764706 0.91764706 0.91764706
vn -0 0 1
f 85//29 86//29 87//29
v -2.15 0.88 0.9 0.91764706 0.91764706 0.91764706
v -1.2 0.88 0.9 0.91764706 0.91764706 0.91764706
v -1.2 0.88 0.88 0.91764706 0.91764706 0.91764706
vn -0 1 0
f 88//30 89//30 90//30
v -2.15 0.88 0.9 0.91764706 0.91764706 0.91764706
v -1.3 0.88 0.88 0.91764706 0.91764706 0.91764706
v -1.3 0.88 0.82 0.91764706 0.91764706 0.91764706
vn 0 1 0
f 91//31 92//31 93//31
v -2.15 0.88 0.9 0.91764706 0.91764706 0.91764706
v -1.2 0.88 0.88 0.91764706 0.91764706 0.91764706
v -1.3 0.88 0.88 0.91764706 0.91764706 0.91764706
vn 0 0.9672664 0
f 94//32 95//32 96//32
v -2.25 0.76 0.88 0.91764706 0.91764706 0.91764706
v -2.15 0.88 0.9 0.91764706 0.91764706 0.91764706
v -2.15 0.88 -0.9 0.91764706 0.91764706 0.91764706
vn -0.7682216 0.64018404 -3.7097875e-10
f 97//33 98//33 99//33
v -2.25 0.76 0.88 0.91764706 0.91764706 0.91764706
v -2.25 0.76 -0.88 0.91764706 0.91764706 0.91764706
v -2.25 0.74 0.64 0.91764706 0.91764706 0.91764706
vn -1 0 -0
f 100//34 101//34 102//34
v -2.15 0.88 0.9 0.91764706 0.91764706 0.91764706
v -1.3 0.88 0.82 0.91764706 0.91764706 0.91764706
v -1.3 0.88 -0.82 0.91764706 0.91764706 0.91764706
vn 0 1 0
f 103//35 104//35 105//35
v -1.2 0.88 0.9 0.91764706 0.91764706 0.91764706
v -0.3675 0.86 0.85 0.91764706 0.91764706 0.91764706
v -1.2 0.88 0.88 0.91764706 0.91764706 0.91764706
vn 0.02401707 0.9997116 0
f 106//36 107//36 108//36
v -0.3675 0.86 0.85 0.91764706 0.91764706 0.91764706
v -1.2 0.88 0.85 0.91764706 0.91764706 0.91764706
v -1.2 0.88 0.88 0.91764706 0.91764706 0.91764706
vn 0.02401707 0.9997116 -3.018149e-08
f 109//37 110//37 111//37
v -1.2 0.84 0.9 0.91764706 0.91764706 0.91764706
v 1.153708 0.497948 0.9 0.91764706 0.91764706 0.91764706
v -1.2 0.88 0.9 0.91764706 0.91764706 0.91764706
vn -0 0 1
f 112//38 113//38 114//38
v -2.25 0.2 0.9 0.91764706 0.91764706 0.91764706
v -2.25 0.2 -0.9 0.91764706 0.91764706 0.91764706
v -1.570294 0.2 -0.68 0.91764706 0.91764706 0.91764706
vn 0 -1 0
f 115//39 116//39 117//39
v -2.25 0.2 0.9 0.91764706 0.91764706 0.91764706
v -1.570294 0.2 -0.68 0.91764706 0.91764706 0.91764706
v -1.426294 0.2 -0.67 0.91764706 0.91764706 0.91764706
vn 0 -1 0
f 118//40 119//40 120//40
v -2.25 0.2 -0.9 0.91764706 0.91764706 0.91764706
v -2.25 0.22 0.88 0.91764706 0.91764706 0.91764706
v -2.25 0.22 -0.88 0.91764706 0.91764706 0.91764706
vn -1 0 0
f 121//41 122//41 123//41
v -2.25 0.2 0.9 0.91764706 0.91764706 0.91764706
v -1.426294 0.2 -0.67 0.91764706 0.91764706 0.91764706
v -1.173705 0.2 -0.67 0.91764706 0.91764706 0.91764706
vn 0 -1 0
f 124//42 125//42 126//42
v -2.25 0.2 0.9 0.91764706 0.91764706 0.91764706
v -1.173705 0.2 -0.67 0.91764706 0.91764706 0.91764706
v -1.029705 0.2 -0.68 0.91764706 0.91764706 0.91764706
vn 0 -1 0
f 127//43 128//43 129//43
v -2.25 0.74 0.64 0.91764706 0.91764706 0.91764706
v -2.25 0.74 -0.64 0.91764706 0.91764706 0.91764706
v -2.25 0.44 -0.137142 0.91764706 0.91764706 0.91764706
vn -1 0 -0
f 130//44 131//44 132//44
v -2.25 0.58 -0.64 0.91764706 0.91764706 0.91764706
v -2.25 0.44 -0.137142 0.91764706 0.91764706 0.91764706
v -2.25 0.74 -0.64 0.91764706 0.91764706 0.91764706
vn -1 0 0
f 133//45 134//45 135//45
v -2.25 0.2 -0.9 0.91764706 0.91764706 0.91764706
v -2.25 0.22 -0.88 0.91764706 0.91764706 0.91764706
v -2.25 0.44 -0.88 0.91764706 0.91764706 0.91764706
vn -0.99975604 0 0
f 136//46 137//46 138//46
v -2.25 0.2 -0.9 0.91764706 0.91764706 0.91764706
v -1.570294 0.2 -0.9 0.91764706 0.91764706 0.91764706
v -1.570294 0.2 -0.68 0.91764706 0.91764706 0.91764706
vn 0 -1 0
f 139//47 140//47 141//47
v -2.25 0.2 -0.9 0.91764706 0.91764706 0.91764706
v -1.62 0.32 -0.9 0.91764706 0.91764706 0.91764706
v -1.570294 0.2 -0.9 0.91764706 0.91764706 0.91764706
vn 0 0 -1
f 142//48 143//48 144//48
v -1.426294 0.2 -0.68 0.91764706 0.91764706 0.91764706
v -1.426294 0.2 -0.67 0.91764706 0.91764706 0.91764706
v -1.570294 0.2 -0.68 0.91764706 0.91764706 0.91764706
vn 0 -0.9004438 0
f 145//49 146//49 147//49
v -2.25 0.58 -0.64 0.91764706 0.91764706 0.91764706
v -2.25 0.44 -0.88 0.91764706 0.91764706 0.91764706
v -2.25 0.44 -0.137142 0.91764706 0.91764706 0.91764706
vn -1 -0 0
f 148//50 149//50 150//50
v -2.25 0.2 -0.9 0.91764706 0.91764706 0.91764706
v -2.25 0.44 -0.88 0.91764706 0.91764706 0.91764706
v -2.25 0.76 -0.88 0.91764706 0.91764706 0.91764706
vn -0.9999959 0 0
f 151//51 152//51 153//51
v -2.25 0.2 -0.9 0.91764706 0.91764706 0.91764706
v -2.25 0.76 -0.88 0.91764706 0.91764706 0.91764706
v -2.25 0.32 -0.9 0.91764706 0.91764706 0.91764706
vn -0.98543835 0 0
f 154//52 155//52 156//52
v -2.25 0.2 -0.9 0.91764706 0.91764706 0.91764706
v -2.25 0.32 -0.9 0.91764706 0.91764706 0.91764706
v -2.15 0.88 -0.9 0.91764706 0.91764706 0.91764706
vn 0 0 -1
f 157//53 158//53 159//53
v -2.25 0.2 -0.9 0.91764706 0.91764706 0.91764706
v -2.15 0.88 -0.9 0.91764706 0.91764706 0.91764706
v -1.62 0.32 -0.9 0.91764706 0.91764706 0.91764706
vn 0 0 -1
f 160//54 161//54 162//54
v -2.25 0.58 -0.64 0.91764706 0.91764706 0.91764706
v -2.25 0.58 -0.84 0.91764706 0.91764706 0.91764706
v -2.25 0.44 -0.88 0.91764706 0.91764706 0.91764706
vn -0.99999994 0 -0
f 163//55 164//55 165//55
v -2.25 0.76 -0.88 0.91764706 0.91764706 0.91764706
v -2.25 0.44 -0.88 0.91764706 0.91764706 0.91764706
v -2.25 0.58 -0.84 0.91764706 0.91764706 0.91764706
vn -1 0 0
f 166//56 167//56 168//56
v -2.25 0.76 -0.88 0.91764706 0.91764706 0.91764706
v -2.25 0.58 -0.84 0.91764706 0.91764706 0.91764706
v -2.25 0.74 -0.84 0.91764706 0.91764706 0.91764706
vn -0.99999595 0 0
f 169//57 170//57 171//57
v -2.25 0.32 -0.9 0.91764706 0.91764706 0.91764706
v -2.25 0.76 -0.88 0.91764706 0.91764706 0.91764706
v -2.15 0.88 -0.9 0.91764706 0.91764706 0.91764706
vn -0.24644029 0.044007152 -0.9681583
f 172//58 173//58 174//58
v -2.15 0.88 -0.9 0.91764706 0.91764706 0.91764706
v -1.526274 0.546274 -0.9 0.91764706 0.91764706 0.91764706
v -1.62 0.32 -0.9 0.91764706 0.91764706 0.91764706
vn 0 0 -1
f 175//59 176//59 177//59
v -2.15 0.88 -0.9 0.91764706 0.91764706 0.91764706
v -1.3 0.64 -0.9 0.91764706 0.91764706 0.91764706
v -1.526274 0.546274 -0.9 0.91764706 0.91764706 0.91764706
vn 0 0 -1
f 178//60 179//60 180//60
v -2.25 0.2 0.9 0.91764706 0.91764706 0.91764706
v -1.029705 0.2 -0.68 0.91764706 0.91764706 0.91764706
v 1.129705 0.2 -0.68 0.91764706 0.91764706 0.91764706
vn 0 -1 0
f 181//61 182//61 183//61
v -1.173705 0.2 -0.67 0.91764706 0.91764706 0.91764706
v -1.173705 0.2 -0.68 0.91764706 0.91764706 0.91764706
v -1.029705 0.2 -0.68 0.91764706 0.91764706 0.91764706
vn 0 -0.9004436 0
f 184//62 185//62 186//62
v -1.029705 0.2 -0.68 0.91764706 0.91764706 0.91764706
v -1.029705 0.2 -0.9 0.91764706 0.91764706 0.91764706
v 1.129705 0.2 -0.9 0.91764706 0.91764706 0.91764706
vn 0 -0.99999994 0
f 187//63 188//63 189//63
v -1.029705 0.2 -0.9 0.91764706 0.91764706 0.91764706
v -0.98 0.32 -0.9 0.91764706 0.91764706 0.91764706
v 1.08 0.32 -0.9 0.91764706 0.91764706 0.91764706
vn 0 0 -1
f 190//64 191//64 192//64
v -2.15 0.88 -0.9 0.91764706 0.91764706 0.91764706
v 1.153708 0.497948 -0.9 0.91764706 0.91764706 0.91764706
v -1.3 0.64 -0.9 0.91764706 0.91764706 0.91764706
vn 0 0 -1
f 193//65 194//65 195//65
v -0.98 0.32 -0.9 0.91764706 0.91764706 0.91764706
v -1.073725 0.546274 -0.9 0.91764706 0.91764706 0.91764706
v 1.153708 0.497948 -0.9 0.91764706 0.91764706 0.91764706
vn 0 0 -1
f 196//66 197//66 198//66
v -1.3 0.64 -0.9 0.91764706 0.91764706 0.91764706
v 1.153708 0.497948 -0.9 0.91764706 0.91764706 0.91764706
v -1.073725 0.546274 -0.9 0.91764706 0.91764706 0.91764706
vn 0 0 -1
f 199//67 200//67 201//67
v -2.25 0.76 -0.88 0.91764706 0.91764706 0.91764706
v -2.25 0.74 -0.64 0.91764706 0.91764706 0.91764706
v -2.25 0.74 0.64 0.91764706 0.91764706 0.91764706
vn -1 0 0
f 202//68 203//68 204//68
v -2.25 0.76 0.88 0.91764706 0.91764706 0.91764706
v -2.15 0.88 -0.9 0.91764706 0.91764706 0.91764706
v -2.25 0.76 -0.88 0.91764706 0.91764706 0.91764706
vn -0.76822156 0.640184 0
f 205//69 206//69 207//69
v -2.15 0.88 0.9 0.91764706 0.91764706 0.91764706
v -1.3 0.88 -0.82 0.91764706 0.91764706 0.91764706
v -2.15 0.88 -0.9 0.91764706 0.91764706 0.91764706
vn 0 1 0
f 208//70 209//70 210//70
v -2.25 0.76 -0.88 0.91764706 0.91764706 0.91764706
v -2.25 0.74 -0.84 0.91764706 0.91764706 0.91764706
v -2.25 0.74 -0.64 0.91764706 0.91764706 0.91764706
vn -0.9994465 0 0
f 211//71 212//71 213//71
v -2.15 0.88 -0.9 0.91764706 0.91764706 0.91764706
v -1.3 0.88 -0.82 0.91764706 0.91764706 0.91764706
v -1.3 0.88 -0.88 0.91764706 0.91764706 0.91764706
vn 0 1 0
f 214//72 215//72 216//72
v -2.15 0.88 -0.9 0.91764706 0.91764706 0.91764706
v -1.3 0.88 -0.88 0.91764706 0.91764706 0.91764706
v -1.2 0.88 -0.9 0.91764706 0.91764706 0.91764706
vn 0 1 0
f 217//73 218//73 219//73
v -1.2 0.88 -0.9 0.91764706 0.91764706 0.91764706
v -1.3 0.88 -0.88 0.91764706 0.91764706 0.91764706
v -1.2 0.88 -0.88 0.91764706 0.91764706 0.91764706
vn 0 0.96726644 -0
f 220//74 221//74 222//74
v -0.3675 0.86 -0.85 0.91764706 0.91764706 0.91764706
v -1.2 0.88 -0.88 0.91764706 0.91764706 0.91764706
v -1.2 0.88 -0.85 0.91764706 0.91764706 0.91764706
vn 0.02401707 0.9997116 -3.018149e-08
f 223//75 224//75 225//75
v -1.2 0.88 -0.9 0.91764706 0.91764706 0.91764706
v -1.2 0.88 -0.88 0.91764706 0.91764706 0.91764706
v -0.3675 0.86 -0.85 0.91764706 0.91764706 0.91764706
vn 0.02401707 0.9997116 -0
f 226//76 227//76 228//76
v -2.15 0.88 -0.9 0.91764706 0.91764706 0.91764706
v -1.2 0.88 -0.9 0.91764706 0.91764706 0.91764706
v 1.153708 0.497948 -0.9 0.91764706 0.91764706 0.91764706
vn 0 0 -0.99999994
f 229//77 230//77 231//77
v -0.98 0.32 0.9 0.91764706 0.91764706 0.91764706
v 1.129705 0.2 0.9 0.91764706 0.91764706 0.91764706
v 1.08 0.32 0.9 0.91764706 0.91764706 0.91764706
vn -0 0 1
f 232//78 233//78 234//78
v -1.029705 0.2 0.9 0.91764706 0.91764706 0.91764706
v 1.129705 0.2 0.68 0.91764706 0.91764706 0.91764706
v 1.129705 0.2 0.9 0.91764706 0.91764706 0.91764706
vn 0 -0.99999994 0
f 235//79 236//79 237//79
v -1.2 0.84 0.9 0.91764706 0.91764706 0.91764706
v 1.08 0.32 0.9 0.91764706 0.91764706 0.91764706
v 1.153708 0.497948 0.9 0.91764706 0.91764706 0.91764706
vn 0 0 0.99999994
f 238//80 239//80 240//80
v -1.2 0.88 0.9 0.91764706 0.91764706 0.91764706
v 1.153708 0.497948 0.9 0.91764706 0.91764706 0.91764706
v 1.173725 0.546274 0.89664 0.91764706 0.91764706 0.91764706
vn 0.010551679 0.065005735 0.9978292
f 241//81 242//81 243//81
v -1.2 0.88 0.9 0.91764706 0.91764706 0.91764706
v 1.173725 0.546274 0.89664 0.91764706 0.91764706 0.91764706
v 1.4 0.64 0.888142 0.91764706 0.91764706 0.91764706
vn 0.01055085 0.06499984 0.9978295
f 244//82 245//82 246//82
v 2.25 0.2 -0.9 0.91764706 0.91764706 0.91764706
v -1.029705 0.2 0.68 0.91764706 0.91764706 0.91764706
v -1.173705 0.2 0.67 0.91764706 0.91764706 0.91764706
vn 0 -1 0
f 247//83 248//83 249//83
v 2.25 0.2 -0.9 0.91764706 0.91764706 0.91764706
v 1.129705 0.2 0.68 0.91764706 0.91764706 0.91764706
v -1.029705 0.2 0.68 0.91764706 0.91764706 0.91764706
vn 0 -0.99999994 0
f 250//84 251//84 252//84
v 1.129705 0.2 0.68 0.91764706 0.91764706 0.91764706
v 1.273705 0.2 0.67 0.91764706 0.91764706 0.91764706
v 1.273705 0.2 0.68 0.91764706 0.91764706 0.91764706
vn 0 -0.9004438 0
f 253//85 254//85 255//85
v 1.526294 0.2 0.68 0.91764706 0.91764706 0.91764706
v 1.526294 0.2 0.67 0.91764706 0.91764706 0.91764706
v 1.670294 0.2 0.68 0.91764706 0.91764706 0.91764706
vn 0 -0.9004438 0
f 256//86 257//86 258//86
v 2.25 0.2 0.9 0.91764706 0.91764706 0.91764706
v 1.72 0.32 0.9 0.91764706 0.91764706 0.91764706
v 1.670294 0.2 0.9 0.91764706 0.91764706 0.91764706
vn 0 0 0.99999994
f 259//87 260//87 261//87
v 2.25 0.32 0.9 0.91764706 0.91764706 0.91764706
v 1.681797 0.41223 0.9 0.91764706 0.91764706 0.91764706
v 1.72 0.32 0.9 0.91764706 0.91764706 0.91764706
vn 0 0 1
f 262//88 263//88 264//88
v 2.25 0.2 0.9 0.91764706 0.91764706 0.91764706
v 1.670294 0.2 0.9 0.91764706 0.91764706 0.91764706
v 1.670294 0.2 0.68 0.91764706 0.91764706 0.91764706
vn -0 -1 0
f 265//89 266//89 267//89
v 2.25 0.2 0.9 0.91764706 0.91764706 0.91764706
v 2.25 0.22 0.88 0.91764706 0.91764706 0.91764706
v 2.25 0.32 0.9 0.91764706 0.91764706 0.91764706
vn 0.98543835 -0 0
f 268//90 269//90 270//90
v 2.25 0.2 0.9 0.91764706 0.91764706 0.91764706
v 2.25 0.32 0.9 0.91764706 0.91764706 0.91764706
v 1.72 0.32 0.9 0.91764706 0.91764706 0.91764706
vn 0 -0 1
f 271//91 272//91 273//91
v 2.25 0.32 0.9 0.91764706 0.91764706 0.91764706
v 2.25 0.22 0.88 0.91764706 0.91764706 0.91764706
v 2.25 0.44 0.88 0.91764706 0.91764706 0.91764706
vn 0.99975604 0 0
f 274//92 275//92 276//92
v 2.13 0.8 0.87 0.91764706 0.91764706 0.91764706
v 1.4 0.64 0.888142 0.91764706 0.91764706 0.91764706
v 1.626274 0.546274 0.891855 0.91764706 0.91764706 0.91764706
vn 0.010551057 0.06500207 0.9978293
f 277//93 278//93 279//93
v 2.25 0.32 0.9 0.91764706 0.91764706 0.91764706
v 2.13 0.8 0.87 0.91764706 0.91764706 0.91764706
v 1.681797 0.41223 0.9 0.91764706 0.91764706 0.91764706
vn 0.010551052 0.06500204 0.9978294
f 280//94 281//94 282//94
v 2.25 0.32 0.9 0.91764706 0.91764706 0.91764706
v 2.25 0.44 0.88 0.91764706 0.91764706 0.91764706
v 2.25 0.68 0.86 0.91764706 0.91764706 0.91764706
vn 0.98543835 0 0
f 283//95 284//95 285//95
v 2.13 0.8 0.87 0.91764706 0.91764706 0.91764706
v 1.626274 0.546274 0.891855 0.91764706 0.91764706 0.91764706
v 1.681797 0.41223 0.9 0.91764706 0.91764706 0.91764706
vn 0.010551102 0.06500199 0.9978293
f 286//96 287//96 288//96
v 2.25 0.68 0.86 0.91764706 0.91764706 0.91764706
v 2.25 0.44 0.88 0.91764706 0.91764706 0.91764706
v 2.25 0.56 0.82 0.91764706 0.91764706 0.91764706
vn 1 0 0
f 289//97 290//97 291//97
v 2.25 0.32 0.9 0.91764706 0.91764706 0.91764706
v 2.25 0.68 0.86 0.91764706 0.91764706 0.91764706
v 2.13 0.8 0.87 0.91764706 0.91764706 0.91764706
vn 0.1897444 0.10842527 0.97582835
f 292//98 293//98 294//98
v 2.25 0.68 0.86 0.91764706 0.91764706 0.91764706
v 2.25 0.56 0.82 0.91764706 0.91764706 0.91764706
v 2.25 0.68 0.82 0.91764706 0.91764706 0.91764706
vn 0.9998924 0 0
f 295//99 296//99 297//99
v 2.25 0.68 0.86 0.91764706 0.91764706 0.91764706
v 2.25 0.68 0.82 0.91764706 0.91764706 0.91764706
v 2.24 0.69 0.82 0.91764706 0.91764706 0.91764706
vn 0.36920074 0.36920074 0
f 298//100 299//100 300//100
v 2.25 0.56 0.82 0.91764706 0.91764706 0.91764706
v 2.25 0.44 0.88 0.91764706 0.91764706 0.91764706
v 2.25 0.56 0.54 0.91764706 0.91764706 0.91764706
vn 1 0 0
f 301//101 302//101 303//101
v 2.25 0.56 0.54 0.91764706 0.91764706 0.91764706
v 2.25 0.44 0.88 0.91764706 0.91764706 0.91764706
v 2.25 0.46 0.45 0.91764706 0.91764706 0.91764706
vn 1 0 0
f 304//102 305//102 306//102
v 2.25 0.2 -0.9 0.91764706 0.91764706 0.91764706
v 1.273705 0.2 0.67 0.91764706 0.91764706 0.91764706
v 1.129705 0.2 0.68 0.91764706 0.91764706 0.91764706
vn 0 -1 0
f 307//103 308//103 309//103
v 2.25 0.2 -0.9 0.91764706 0.91764706 0.91764706
v 1.526294 0.2 0.67 0.91764706 0.91764706 0.91764706
v 1.273705 0.2 0.67 0.91764706 0.91764706 0.91764706
vn 0 -0.99999994 0
f 310//104 311//104 312//104
v 2.25 0.2 0.9 0.91764706 0.91764706 0.91764706
v 2.25 0.22 -0.88 0.91764706 0.91764706 0.91764706
v 2.25 0.22 0.88 0.91764706 0.91764706 0.91764706
vn 1 0 0
f 313//105 314//105 315//105
v 2.25 0.2 -0.9 0.91764706 0.91764706 0.91764706
v 1.670294 0.2 0.68 0.91764706 0.91764706 0.91764706
v 1.526294 0.2 0.67 0.91764706 0.91764706 0.91764706
vn 0 -1 0
f 316//106 317//106 318//106
v 2.25 0.2 0.9 0.91764706 0.91764706 0.91764706
v 1.670294 0.2 0.68 0.91764706 0.91764706 0.91764706
v 2.25 0.2 -0.9 0.91764706 0.91764706 0.91764706
vn 0 -1 -0
f 319//107 320//107 321//107
v 2.25 0.46 0.45 0.91764706 0.91764706 0.91764706
v 2.25 0.44 0.88 0.91764706 0.91764706 0.91764706
v 2.25 0.46 -0.45 0.91764706 0.91764706 0.91764706
vn 1 0 0
f 322//108 323//108 324//108
v 2.25 0.56 0.54 0.91764706 0.91764706 0.91764706
v 2.25 0.46 0.45 0.91764706 0.91764706 0.91764706
v 2.25 0.68 0.54 0.91764706 0.91764706 0.91764706
vn 1 -0 0
f 325//109 326//109 327//109
v 2.25 0.68 0.54 0.91764706 0.91764706 0.91764706
v 2.25 0.46 0.45 0.91764706 0.91764706 0.91764706
v 2.25 0.62 0.45 0.91764706 0.91764706 0.91764706
vn 1 0 0
f 328//110 329//110 330//110
v 2.25 0.62 0.45 0.91764706 0.91764706 0.91764706
v 2.25 0.68 -0.54 0.91764706 0.91764706 0.91764706
v 2.25 0.68 0.54 0.91764706 0.91764706 0.91764706
vn 1 -0 0
f 331//111 332//111 333//111
v 2.24 0.69 0.54 0.91764706 0.91764706 0.91764706
v 2.25 0.68 0.54 0.91764706 0.91764706 0.91764706
v 2.25 0.68 -0.54 0.91764706 0.91764706 0.91764706
vn 0.70710677 0.70710677 6.3268966e-11
f 334//112 335//112 336//112
v -1.2 0.88 0.9 0.91764706 0.91764706 0.91764706
v 2.13 0.8 0.87 0.91764706 0.91764706 0.91764706
v -0.3675 0.86 0.85 0.91764706 0.91764706 0.91764706
vn 0.024017094 0.9997116 3.292102e-07
f 337//113 338//113 339//113
v -1.2 0.88 0.9 0.91764706 0.91764706 0.91764706
v 1.4 0.64 0.888142 0.91764706 0.91764706 0.91764706
v 2.13 0.8 0.87 0.91764706 0.91764706 0.91764706
vn 0.010551055 0.06500206 0.9978293
f 340//114 341//114 342//114
v 2.25 0.68 0.86 0.91764706 0.91764706 0.91764706
v 2.24 0.69 0.82 0.91764706 0.91764706 0.91764706
v 2.13 0.8 0.87 0.91764706 0.91764706 0.91764706
vn 0.7071062 0.7071055 -1.7052233e-07
f 343//115 344//115 345//115
v 2.13 0.8 0.87 0.91764706 0.91764706 0.91764706
v 2.24 0.69 0.82 0.91764706 0.91764706 0.91764706
v 2.24 0.69 0.54 0.91764706 0.91764706 0.91764706
vn 0.7071071 0.70710635 7.9025035e-09
f 346//116 347//116 348//116
v -0.3675 0.86 0.85 0.91764706 0.91764706 0.91764706
v 2.13 0.8 0.87 0.91764706 0.91764706 0.91764706
v 2.13 0.8 -0.87 0.91764706 0.91764706 0.91764706
vn 0.024017096 0.99971163 1.3698266e-09
f 349//117 350//117 351//117
v 2.13 0.8 0.87 0.91764706 0.91764706 0.91764706
v 2.24 0.69 0.54 0.91764706 0.91764706 0.91764706
v 2.24 0.69 -0.54 0.91764706 0.91764706 0.91764706
vn 0.7071071 0.7071064 2.0487967e-09
f 352//118 353//118 354//118
v -2.25 0.2 0.9 0.91764706 0.91764706 0.91764706
v 1.129705 0.2 -0.68 0.91764706 0.91764706 0.91764706
v 1.273705 0.2 -0.67 0.91764706 0.91764706 0.91764706
vn 0 -1 0
f 355//119 356//119 357//119
v -2.25 0.2 0.9 0.91764706 0.91764706 0.91764706
v 1.273705 0.2 -0.67 0.91764706 0.91764706 0.91764706
v 1.526294 0.2 -0.67 0.91764706 0.91764706 0.91764706
vn 0 -1 0
f 358//120 359//120 360//120
v -2.25 0.2 0.9 0.91764706 0.91764706 0.91764706
v 1.526294 0.2 -0.67 0.91764706 0.91764706 0.91764706
v 1.670294 0.2 -0.68 0.91764706 0.91764706 0.91764706
vn 0 -1 0
f 361//121 362//121 363//121
v -2.25 0.2 0.9 0.91764706 0.91764706 0.91764706
v 1.670294 0.2 -0.68 0.91764706 0.91764706 0.91764706
v 2.25 0.2 -0.9 0.91764706 0.91764706 0.91764706
vn 0 -0.99999994 0
f 364//122 365//122 366//122
v -1.029705 0.2 -0.68 0.91764706 0.91764706 0.91764706
v 1.129705 0.2 -0.9 0.91764706 0.91764706 0.91764706
v 1.129705 0.2 -0.68 0.91764706 0.91764706 0.91764706
vn 0 -0.99999994 0
f 367//123 368//123 369//123
v -1.029705 0.2 -0.9 0.91764706 0.91764706 0.91764706
v 1.08 0.32 -0.9 0.91764706 0.91764706 0.91764706
v 1.129705 0.2 -0.9 0.91764706 0.91764706 0.91764706
vn 0 0 -1
f 370//124 371//124 372//124
v -0.98 0.32 -0.9 0.91764706 0.91764706 0.91764706
v 1.153708 0.497948 -0.9 0.91764706 0.91764706 0.91764706
v 1.08 0.32 -0.9 0.91764706 0.91764706 0.91764706
vn 0 0 -1
f 373//125 374//125 375//125
v -1.2 0.88 -0.9 0.91764706 0.91764706 0.91764706
v 1.173725 0.546274 -0.89664 0.91764706 0.91764706 0.91764706
v 1.153708 0.497948 -0.9 0.91764706 0.91764706 0.91764706
vn 0.010551673 0.0650057 -0.9978291
f 376//126 377//126 378//126
v -1.2 0.88 -0.9 0.91764706 0.91764706 0.91764706
v 1.4 0.64 -0.888142 0.91764706 0.91764706 0.91764706
v 1.173725 0.546274 -0.89664 0.91764706 0.91764706 0.91764706
vn 0.010550852 0.064999856 -0.9978295
f 379//127 380//127 381//127
v 2.25 0.2 0.9 0.91764706 0.91764706 0.91764706
v 2.25 0.2 -0.9 0.91764706 0.91764706 0.91764706
v 2.25 0.22 -0.88 0.91764706 0.91764706 0.91764706
vn 1 0 0
f 382//128 383//128 384//128
v 2.25 0.44 0.88 0.91764706 0.91764706 0.91764706
v 2.25 0.44 -0.88 0.91764706 0.91764706 0.91764706
v 2.25 0.46 -0.45 0.91764706 0.91764706 0.91764706
vn 1 0 0
f 385//129 386//129 387//129
v 2.25 0.62 0.45 0.91764706 0.91764706 0.91764706
v 2.25 0.62 -0.45 0.91764706 0.91764706 0.91764706
v 2.25 0.68 -0.54 0.91764706 0.91764706 0.91764706
vn 1 0 0
f 388//130 389//130 390//130
v 2.24 0.69 0.54 0.91764706 0.91764706 0.91764706
v 2.25 0.68 -0.54 0.91764706 0.91764706 0.91764706
v 2.24 0.69 -0.54 0.91764706 0.91764706 0.91764706
vn 0.70710677 0.70710677 0
f 391//131 392//131 393//131
v 2.25 0.46 -0.45 0.91764706 0.91764706 0.91764706
v 2.25 0.56 -0.54 0.91764706 0.91764706 0.91764706
v 2.25 0.62 -0.45 0.91764706 0.91764706 0.91764706
vn 1 -0 0
f 394//132 395//132 396//132
v 1.273705 0.2 -0.68 0.91764706 0.91764706 0.91764706
v 1.273705 0.2 -0.67 0.91764706 0.91764706 0.91764706
v 1.129705 0.2 -0.68 0.91764706 0.91764706 0.91764706
vn 0 -0.9004438 0
f 397//133 398//133 399//133
v 1.670294 0.2 -0.68 0.91764706 0.91764706 0.91764706
v 1.526294 0.2 -0.67 0.91764706 0.91764706 0.91764706
v 1.526294 0.2 -0.68 0.91764706 0.91764706 0.91764706
vn 0 -0.9004438 0
f 400//134 401//134 402//134
v 2.25 0.2 -0.9 0.91764706 0.91764706 0.91764706
v 1.670294 0.2 -0.68 0.91764706 0.91764706 0.91764706
v 1.670294 0.2 -0.9 0.91764706 0.91764706 0.91764706
vn 0 -1 0
f 403//135 404//135 405//135
v 2.25 0.2 -0.9 0.91764706 0.91764706 0.91764706
v 1.670294 0.2 -0.9 0.91764706 0.91764706 0.91764706
v 1.72 0.32 -0.9 0.91764706 0.91764706 0.91764706
vn 0 0 -0.99999994
f 406//136 407//136 408//136
v 2.25 0.32 -0.9 0.91764706 0.91764706 0.91764706
v 1.72 0.32 -0.9 0.91764706 0.91764706 0.91764706
v 1.681797 0.41223 -0.9 0.91764706 0.91764706 0.91764706
vn 0 0 -1
f 409//137 410//137 411//137
v 2.25 0.2 -0.9 0.91764706 0.91764706 0.91764706
v 2.25 0.44 -0.88 0.91764706 0.91764706 0.91764706
v 2.25 0.22 -0.88 0.91764706 0.91764706 0.91764706
vn 0.99975604 0 0
f 412//138 413//138 414//138
v 2.25 0.2 -0.9 0.91764706 0.91764706 0.91764706
v 1.72 0.32 -0.9 0.91764706 0.91764706 0.91764706
v 2.25 0.32 -0.9 0.91764706 0.91764706 0.91764706
vn 0 0 -1
f 415//139 416//139 417//139
v 2.25 0.2 -0.9 0.91764706 0.91764706 0.91764706
v 2.25 0.32 -0.9 0.91764706 0.91764706 0.91764706
v 2.25 0.44 -0.88 0.91764706 0.91764706 0.91764706
vn 0.98543835 0 0
f 418//140 419//140 420//140
v 2.13 0.8 -0.87 0.91764706 0.91764706 0.91764706
v 1.626274 0.546274 -0.891855 0.91764706 0.91764706 0.91764706
v 1.4 0.64 -0.888142 0.91764706 0.91764706 0.91764706
vn 0.010551058 0.065002054 -0.9978293
f 421//141 422//141 423//141
v 2.25 0.46 -0.45 0.91764706 0.91764706 0.91764706
v 2.25 0.56 -0.82 0.91764706 0.91764706 0.91764706
v 2.25 0.56 -0.54 0.91764706 0.91764706 0.91764706
vn 0.99999994 0 0
f 424//142 425//142 426//142
v 2.25 0.46 -0.45 0.91764706 0.91764706 0.91764706
v 2.25 0.44 -0.88 0.91764706 0.91764706 0.91764706
v 2.25 0.56 -0.82 0.91764706 0.91764706 0.91764706
vn 1 0 0
f 427//143 428//143 429//143
v 2.25 0.62 -0.45 0.91764706 0.91764706 0.91764706
v 2.25 0.56 -0.54 0.91764706 0.91764706 0.91764706
v 2.25 0.68 -0.54 0.91764706 0.91764706 0.91764706
vn 1 0 0
f 430//144 431//144 432//144
v 2.25 0.32 -0.9 0.91764706 0.91764706 0.91764706
v 1.681797 0.41223 -0.9 0.91764706 0.91764706 0.91764706
v 2.13 0.8 -0.87 0.91764706 0.91764706 0.91764706
vn 0.010551052 0.06500204 -0.9978294
f 433//145 434//145 435//145
v 2.25 0.32 -0.9 0.91764706 0.91764706 0.91764706
v 2.25 0.68 -0.86 0.91764706 0.91764706 0.91764706
v 2.25 0.44 -0.88 0.91764706 0.91764706 0.91764706
vn 0.98543835 0 0
f 436//146 437//146 438//146
v 2.13 0.8 -0.87 0.91764706 0.91764706 0.91764706
v 1.681797 0.41223 -0.9 0.91764706 0.91764706 0.91764706
v 1.626274 0.546274 -0.891855 0.91764706 0.91764706 0.91764706
vn 0.010551106 0.06500198 -0.9978293
f 439//147 440//147 441//147
v 2.25 0.68 -0.86 0.91764706 0.91764706 0.91764706
v 2.25 0.56 -0.82 0.91764706 0.91764706 0.91764706
v 2.25 0.44 -0.88 0.91764706 0.91764706 0.91764706
vn 1 0 0
f 442//148 443//148 444//148
v 2.25 0.32 -0.9 0.91764706 0.91764706 0.91764706
v 2.13 0.8 -0.87 0.91764706 0.91764706 0.91764706
v 2.25 0.68 -0.86 0.91764706 0.91764706 0.91764706
vn 0.1897444 0.10842527 -0.97582835
f 445//149 446//149 447//149
v 2.25 0.68 -0.86 0.91764706 0.91764706 0.91764706
v 2.25 0.68 -0.82 0.91764706 0.91764706 0.91764706
v 2.25 0.56 -0.82 0.91764706 0.91764706 0.91764706
vn 0.9998924 0 -0
f 448//150 449//150 450//150
v 2.25 0.68 -0.86 0.91764706 0.91764706 0.91764706
v 2.24 0.69 -0.82 0.91764706 0.91764706 0.91764706
v 2.25 0.68 -0.82 0.91764706 0.91764706 0.91764706
vn 0.36920074 0.36920074 -0
f 451//151 452//151 453//151
v -0.3675 0.86 0.85 0.91764706 0.91764706 0.91764706
v 2.13 0.8 -0.87 0.91764706 0.91764706 0.91764706
v -0.3675 0.86 -0.85 0.91764706 0.91764706 0.91764706
vn 0.024017094 0.9997115 0
f 454//152 455//152 456//152
v -1.2 0.88 -0.9 0.91764706 0.91764706 0.91764706
v -0.3675 0.86 -0.85 0.91764706 0.91764706 0.91764706
v 2.13 0.8 -0.87 0.91764706 0.91764706 0.91764706
vn 0.024017092 0.9997116 -3.3708363e-07
f 457//153 458//153 459//153
v -1.2 0.88 -0.9 0.91764706 0.91764706 0.91764706
v 2.13 0.8 -0.87 0.91764706 0.91764706 0.91764706
v 1.4 0.64 -0.888142 0.91764706 0.91764706 0.91764706
vn 0.010551055 0.06500206 -0.9978293
f 460//154 461//154 462//154
v 2.13 0.8 0.87 0.91764706 0.91764706 0.91764706
v 2.24 0.69 -0.54 0.91764706 0.91764706 0.91764706
v 2.24 0.69 -0.82 0.91764706 0.91764706 0.91764706
vn 0.7071073 0.70710635 7.902504e-09
f 463//155 464//155 465//155
v 2.13 0.8 0.87 0.91764706 0.91764706 0.91764706
v 2.24 0.69 -0.82 0.91764706 0.91764706 0.91764706
v 2.13 0.8 -0.87 0.91764706 0.91764706 0.91764706
vn 0.7071072 0.7071064 0
f 466//156 467//156 468//156
v 2.25 0.68 -0.86 0.91764706 0.91764706 0.91764706
v 2.13 0.8 -0.87 0.91764706 0.91764706 0.91764706
v 2.24 0.69 -0.82 0.91764706 0.91764706 0.91764706
vn 0.7071062 0.7071055 1.6950106e-07
f 469//157 470//157 471//157
v -1.3 0.9 -0.82 0.29803923 0.4 0.49803922
v -1.3 0.88 0.82 0.29803923 0.4 0.49803922
v -1.3 0.9 0.82 0.29803923 0.4 0.49803922
vn -1 0 0
f 472//158 473//158 474//158
v -0.3675 0.86 0.85 0.29803923 0.4 0.49803922
v -1 0.88 0.85 0.29803923 0.4 0.49803922
v -1.2 0.88 0.85 0.29803923 0.4 0.49803922
vn 0 0 0.9994464
f 475//159 476//159 477//159
v -0.3675 0.86 0.85 0.29803923 0.4 0.49803922
v -0.98375 0.9 0.85 0.29803923 0.4 0.49803922
v -1 0.88 0.85 0.29803923 0.4 0.49803922
vn 0 0 1
f 478//160 479//160 480//160
v -0.98375 0.9 0.85 0.29803923 0.4 0.49803922
v -0.337083 0.9 0.85 0.29803923 0.4 0.49803922
v -0.61 1.36 0.773333 0.29803923 0.4 0.49803922
vn -0 0.1643997 0.9863938
f 481//161 482//161 483//161
v -0.3675 0.86 0.85 0.29803923 0.4 0.49803922
v -0.335 0.88 0.85 0.29803923 0.4 0.49803922
v -0.98375 0.9 0.85 0.29803923 0.4 0.49803922
vn 0 -0 1
f 484//162 485//162 486//162
v -0.98375 0.9 0.85 0.29803923 0.4 0.49803922
v -0.335 0.88 0.85 0.29803923 0.4 0.49803922
v -0.337083 0.9 0.85 0.29803923 0.4 0.49803922
vn -0 0 0.99999994
f 487//163 488//163 489//163
v -0.61 1.36 0.773333 0.29803923 0.4 0.49803922
v -0.337083 0.9 0.85 0.29803923 0.4 0.49803922
v -0.385 1.36 0.773333 0.29803923 0.4 0.49803922
vn -0 0.1643997 0.9863938
f 490//164 491//164 492//164
v -1.3 0.9 0.82 0.29803923 0.4 0.49803922
v -0.86875 1.36 0.773333 0.29803923 0.4 0.49803922
v -1.291233 0.90935 -0.818441 0.29803923 0.4 0.49803922
vn -0.72953725 0.683941 -6.1625116e-07
f 493//165 494//165 495//165
v -1.3 0.88 0.82 0.29803923 0.4 0.49803922
v -1.3 0.9 -0.82 0.29803923 0.4 0.49803922
v -1.3 0.88 -0.82 0.29803923 0.4 0.49803922
vn -1 0 0
f 496//166 497//166 498//166
v -1.3 0.9 0.82 0.29803923 0.4 0.49803922
v -1.291233 0.90935 -0.818441 0.29803923 0.4 0.49803922
v -1.3 0.9 -0.82 0.29803923 0.4 0.49803922
vn -0.7294834 0.6839985 0
f 499//167 500//167 501//167
v -0.86875 1.36 0.773333 0.29803923 0.4 0.49803922
v -1.084375 1.13 -0.811666 0.29803923 0.4 0.49803922
v -1.291233 0.90935 -0.818441 0.29803923 0.4 0.49803922
vn -0.7295397 0.6839386 7.18106e-07
f 502//168 503//168 504//168
v -1.084375 1.13 -0.811666 0.29803923 0.4 0.49803922
v -0.86875 1.36 0.773333 0.29803923 0.4 0.49803922
v -0.86875 1.36 -0.773333 0.29803923 0.4 0.49803922
vn -0.7295372 0.68394125 4.2782808e-10
f 505//169 506//169 507//169
v -0.3675 0.86 -0.85 0.29803923 0.4 0.49803922
v -1.2 0.88 -0.85 0.29803923 0.4 0.49803922
v -1 0.88 -0.85 0.29803923 0.4 0.49803922
vn 0 0 -0.99944645
f 508//170 509//170 510//170
v -1 0.88 -0.85 0.29803923 0.4 0.49803922
v -0.98375 0.9 -0.85 0.29803923 0.4 0.49803922
v -0.337083 0.9 -0.85 0.29803923 0.4 0.49803922
vn 0 0 -0.99999994
f 511//171 512//171 513//171
v -0.3675 0.86 -0.85 0.29803923 0.4 0.49803922
v -1 0.88 -0.85 0.29803923 0.4 0.49803922
v -0.337083 0.9 -0.85 0.29803923 0.4 0.49803922
vn 0 0 -0.99999994
f 514//172 515//172 516//172
v -0.3675 0.86 -0.85 0.29803923 0.4 0.49803922
v -0.337083 0.9 -0.85 0.29803923 0.4 0.49803922
v -0.335 0.88 -0.85 0.29803923 0.4 0.49803922
vn 0 0 -0.6095841
f 517//173 518//173 519//173
v -0.385 1.36 -0.773333 0.29803923 0.4 0.49803922
v -0.337083 0.9 -0.85 0.29803923 0.4 0.49803922
v -0.98375 0.9 -0.85 0.29803923 0.4 0.49803922
vn -3.0969166e-10 0.16439968 -0.9863938
f 520//174 521//174 522//174
v -0.98375 0.9 -0.85 0.29803923 0.4 0.49803922
v -0.61 1.36 -0.773333 0.29803923 0.4 0.49803922
v -0.385 1.36 -0.773333 0.29803923 0.4 0.49803922
vn -8.900772e-10 0.1643997 -0.9863938
f 523//175 524//175 525//175
v -0.262916 1.36 -0.773333 0.29803923 0.4 0.49803922
v 0.1 1.36 -0.773333 0.29803923 0.4 0.49803922
v -0.215 0.9 -0.85 0.29803923 0.4 0.49803922
vn 0 0.1643997 -0.98639387
f 526//176 527//176 528//176
v -0.3675 0.86 0.85 0.29803923 0.4 0.49803922
v 0.75 0.86 0.85 0.29803923 0.4 0.49803922
v -0.335 0.88 0.85 0.29803923 0.4 0.49803922
vn 0 0 1
f 529//177 530//177 531//177
v 0.75 0.86 0.85 0.29803923 0.4 0.49803922
v -0.215 0.88 0.85 0.29803923 0.4 0.49803922
v -0.335 0.88 0.85 0.29803923 0.4 0.49803922
vn 0 0 0.9854384
f 532//178 533//178 534//178
v -0.215 0.88 0.85 0.29803923 0.4 0.49803922
v 0.61 0.88 0.85 0.29803923 0.4 0.49803922
v 0.58875 0.9 0.85 0.29803923 0.4 0.49803922
vn 0 0 1
f 535//179 536//179 537//179
v 0.75 0.86 0.85 0.29803923 0.4 0.49803922
v 0.61 0.88 0.85 0.29803923 0.4 0.49803922
v -0.215 0.88 0.85 0.29803923 0.4 0.49803922
vn 0 0 1
f 538//180 539//180 540//180
v -0.215 0.88 0.85 0.29803923 0.4 0.49803922
v 0.58875 0.9 0.85 0.29803923 0.4 0.49803922
v -0.215 0.9 0.85 0.29803923 0.4 0.49803922
vn 0 0 1
f 541//181 542//181 543//181
v -0.262916 1.36 0.773333 0.29803923 0.4 0.49803922
v -0.215 0.9 0.85 0.29803923 0.4 0.49803922
v 0.58875 0.9 0.85 0.29803923 0.4 0.49803922
vn 2.4916627e-10 0.1643997 0.9863938
f 544//182 545//182 546//182
v 0.75 0.86 0.85 0.29803923 0.4 0.49803922
v 0.75 0.88 0.85 0.29803923 0.4 0.49803922
v 0.61 0.88 0.85 0.29803923 0.4 0.49803922
vn 0 -0 0.9935553
f 547//183 548//183 549//183
v 0.75 0.86 0.85 0.29803923 0.4 0.49803922
v 0.75 0.88 0.82 0.29803923 0.4 0.49803922
v 0.75 0.88 0.85 0.29803923 0.4 0.49803922
vn 0.54721695 -0 0
f 550//184 551//184 552//184
v 0.1 1.36 0.773333 0.29803923 0.4 0.49803922
v -0.262916 1.36 0.773333 0.29803923 0.4 0.49803922
v 0.58875 0.9 0.85 0.29803923 0.4 0.49803922
vn 0 0.1643997 0.98639387
f 553//185 554//185 555//185
v -0.3675 0.86 0.85 0.29803923 0.4 0.49803922
v 0.75 0.86 -0.85 0.29803923 0.4 0.49803922
v 0.75 0.86 0.85 0.29803923 0.4 0.49803922
vn 0 -1 0
f 556//186 557//186 558//186
v 0.222916 1.36 0.743333 0.29803923 0.4 0.49803922
v 0.75 0.9 0.82 0.29803923 0.4 0.49803922
v 0.75 0.9 -0.82 0.29803923 0.4 0.49803922
vn 0.6575338 0.75342506 3.8099818e-10
f 559//187 560//187 561//187
v 0.75 0.86 0.85 0.29803923 0.4 0.49803922
v 0.75 0.86 -0.85 0.29803923 0.4 0.49803922
v 0.75 0.88 0.82 0.29803923 0.4 0.49803922
vn 1 0 0
f 562//188 563//188 564//188
v 0.75 0.86 -0.85 0.29803923 0.4 0.49803922
v 0.75 0.9 0.82 0.29803923 0.4 0.49803922
v 0.75 0.88 0.82 0.29803923 0.4 0.49803922
vn 1 0 0
f 565//189 566//189 567//189
v -0.3675 0.86 0.85 0.29803923 0.4 0.49803922
v -0.3675 0.86 -0.85 0.29803923 0.4 0.49803922
v 0.75 0.86 -0.85 0.29803923 0.4 0.49803922
vn 0 -1 0
f 568//190 569//190 570//190
v 0.75 0.86 -0.85 0.29803923 0.4 0.49803922
v 0.75 0.88 -0.82 0.29803923 0.4 0.49803922
v 0.75 0.9 0.82 0.29803923 0.4 0.49803922
vn 1 0 0
f 571//191 572//191 573//191
v 0.75 0.88 -0.82 0.29803923 0.4 0.49803922
v 0.75 0.9 -0.82 0.29803923 0.4 0.49803922
v 0.75 0.9 0.82 0.29803923 0.4 0.49803922
vn 1 0 0
f 574//192 575//192 576//192
v 0.222916 1.36 0.743333 0.29803923 0.4 0.49803922
v 0.75 0.9 -0.82 0.29803923 0.4 0.49803922
v 0.222916 1.36 -0.743333 0.29803923 0.4 0.49803922
vn 0.65753376 0.753425 0
f 577//193 578//193 579//193
v -0.3675 0.86 -0.85 0.29803923 0.4 0.49803922
v -0.335 0.88 -0.85 0.29803923 0.4 0.49803922
v 0.75 0.86 -0.85 0.29803923 0.4 0.49803922
vn 0 0 -1
f 580//194 581//194 582//194
v 0.75 0.86 -0.85 0.29803923 0.4 0.49803922
v -0.335 0.88 -0.85 0.29803923 0.4 0.49803922
v -0.215 0.88 -0.85 0.29803923 0.4 0.49803922
vn 0 0 -0.98543835
f 583//195 584//195 585//195
v -0.215 0.88 -0.85 0.29803923 0.4 0.49803922
v 0.58875 0.9 -0.85 0.29803923 0.4 0.49803922
v 0.61 0.88 -0.85 0.29803923 0.4 0.49803922
vn 0 0 -1
f 586//196 587//196 588//196
v 0.75 0.86 -0.85 0.29803923 0.4 0.49803922
v -0.215 0.88 -0.85 0.29803923 0.4 0.49803922
v 0.61 0.88 -0.85 0.29803923 0.4 0.49803922
vn 0 0 -1
f 589//197 590//197 591//197
v -0.215 0.88 -0.85 0.29803923 0.4 0.49803922
v -0.215 0.9 -0.85 0.29803923 0.4 0.49803922
v 0.58875 0.9 -0.85 0.29803923 0.4 0.49803922
vn 0 0 -1
f 592//198 593//198 594//198
v 0.1 1.36 -0.773333 0.29803923 0.4 0.49803922
v 0.58875 0.9 -0.85 0.29803923 0.4 0.49803922
v -0.215 0.9 -0.85 0.29803923 0.4 0.49803922
vn -2.4916627e-10 0.1643997 -0.98639387
f 595//199 596//199 597//199
v 0.75 0.86 -0.85 0.29803923 0.4 0.49803922
v 0.61 0.88 -0.85 0.29803923 0.4 0.49803922
v 0.75 0.88 -0.85 0.29803923 0.4 0.49803922
vn 0 0 -0.9935553
f 598//200 599//200 600//200
v 0.75 0.86 -0.85 0.29803923 0.4 0.49803922
v 0.75 0.88 -0.85 0.29803923 0.4 0.49803922
v 0.75 0.88 -0.82 0.29803923 0.4 0.49803922
vn 0.54721695 0 0
f 601//201 602//201 603//201
v -1.3 0.9 0.88 0.91764706 0.91764706 0.91764706
v -1.3 0.88 0.82 0.91764706 0.91764706 0.91764706
v -1.3 0.88 0.88 0.91764706 0.91764706 0.91764706
vn -0.84223074 -0 0
f 604//202 605//202 606//202
v -1.3 0.9 0.88 0.91764706 0.91764706 0.91764706
v -1.3 0.88 0.88 0.91764706 0.91764706 0.91764706
v -1.2 0.88 0.88 0.91764706 0.91764706 0.91764706
vn 0 0 0.96726644
f 607//203 608//203 609//203
v -1.3 0.9 0.88 0.91764706 0.91764706 0.91764706
v -1.2 0.88 0.88 0.91764706 0.91764706 0.91764706
v -1 0.88 0.88 0.91764706 0.91764706 0.91764706
vn 0 0 0.99944645
f 610//204 611//204 612//204
v -1.3 0.9 0.88 0.91764706 0.91764706 0.91764706
v -1.3 0.9 0.82 0.91764706 0.91764706 0.91764706
v -1.3 0.88 0.82 0.91764706 0.91764706 0.91764706
vn -0.84223074 0 -0
f 613//205 614//205 615//205
v -1.3 0.9 0.88 0.91764706 0.91764706 0.91764706
v -0.86875 1.36 0.79 0.91764706 0.91764706 0.91764706
v -1.3 0.9 0.82 0.91764706 0.91764706 0.91764706
vn -0.7295372 0.68394107 0
f 616//206 617//206 618//206
v -1.2 0.88 0.88 0.91764706 0.91764706 0.91764706
v -1.2 0.88 0.85 0.91764706 0.91764706 0.91764706
v -1 0.88 0.85 0.91764706 0.91764706 0.91764706
vn 0 -0.99999076 0
f 619//207 620//207 621//207
v -1 0.88 0.88 0.91764706 0.91764706 0.91764706
v -1.2 0.88 0.88 0.91764706 0.91764706 0.91764706
v -1 0.88 0.85 0.91764706 0.91764706 0.91764706
vn -0 -0.99999076 -0
f 622//208 623//208 624//208
v -1 0.88 0.88 0.91764706 0.91764706 0.91764706
v -1 0.88 0.85 0.91764706 0.91764706 0.91764706
v -0.98375 0.9 0.85 0.91764706 0.91764706 0.91764706
vn 0.51171833 -0.41577187 0
f 625//209 626//209 627//209
v -1.3 0.9 0.88 0.91764706 0.91764706 0.91764706
v -1 0.88 0.88 0.91764706 0.91764706 0.91764706
v -1 0.9 0.88 0.91764706 0.91764706 0.91764706
vn -0 0 0.9999908
f 628//210 629//210 630//210
v -1.3 0.9 0.88 0.91764706 0.91764706 0.91764706
v -1 0.9 0.88 0.91764706 0.91764706 0.91764706
v -0.61 1.38 0.8 0.91764706 0.91764706 0.91764706
vn -0 0.16439895 0.9863939
f 631//211 632//211 633//211
v -1 0.88 0.88 0.91764706 0.91764706 0.91764706
v -0.61 1.38 0.8 0.91764706 0.91764706 0.91764706
v -1 0.9 0.88 0.91764706 0.91764706 0.91764706
vn 0.20094408 -0 0.97960263
f 634//212 635//212 636//212
v -1 0.88 0.88 0.91764706 0.91764706 0.91764706
v -0.98375 0.9 0.85 0.91764706 0.91764706 0.91764706
v -0.61 1.36 0.773333 0.91764706 0.91764706 0.91764706
vn 0.7761141 -0.63059247 9.4676017e-07
f 637//213 638//213 639//213
v -0.335 0.88 0.88 0.91764706 0.91764706 0.91764706
v -0.337083 0.9 0.85 0.91764706 0.91764706 0.91764706
v -0.335 0.88 0.85 0.91764706 0.91764706 0.91764706
vn -0.54658353 -0.056926828 -0
f 640//214 641//214 642//214
v -0.335 0.88 0.88 0.91764706 0.91764706 0.91764706
v -0.335 0.88 0.85 0.91764706 0.91764706 0.91764706
v -0.215 0.88 0.85 0.91764706 0.91764706 0.91764706
vn 0 -0.9987446 0
f 643//215 644//215 645//215
v -0.335 0.88 0.88 0.91764706 0.91764706 0.91764706
v -0.215 0.88 0.88 0.91764706 0.91764706 0.91764706
v -0.215 0.9 0.88 0.91764706 0.91764706 0.91764706
vn 0 0 0.98543835
f 646//216 647//216 648//216
v -0.335 0.88 0.88 0.91764706 0.91764706 0.91764706
v -0.215 0.88 0.85 0.91764706 0.91764706 0.91764706
v -0.215 0.88 0.88 0.91764706 0.91764706 0.91764706
vn 0 -0.9987446 0
f 649//217 650//217 651//217
v -0.215 0.88 0.88 0.91764706 0.91764706 0.91764706
v -0.215 0.88 0.85 0.91764706 0.91764706 0.91764706
v -0.215 0.9 0.85 0.91764706 0.91764706 0.91764706
vn 0.5472161 0 0
f 652//218 653//218 654//218
v -0.335 0.88 0.88 0.91764706 0.91764706 0.91764706
v -0.215 0.9 0.88 0.91764706 0.91764706 0.91764706
v -0.335 0.9 0.88 0.91764706 0.91764706 0.91764706
vn 0 0 0.98543835
f 655//219 656//219 657//219
v -0.335 0.88 0.88 0.91764706 0.91764706 0.91764706
v -0.335 0.9 0.88 0.91764706 0.91764706 0.91764706
v -0.385 1.38 0.8 0.91764706 0.91764706 0.91764706
vn -0.81314665 0 0.50821656
f 658//220 659//220 660//220
v -0.335 0.88 0.88 0.91764706 0.91764706 0.91764706
v -0.385 1.36 0.79 0.91764706 0.91764706 0.91764706
v -0.337083 0.9 0.85 0.91764706 0.91764706 0.91764706
vn -0.9946182 -0.10360835 -1.238701e-05
f 661//221 662//221 663//221
v -0.335 0.9 0.88 0.91764706 0.91764706 0.91764706
v -0.215 0.9 0.88 0.91764706 0.91764706 0.91764706
v -0.385 1.38 0.8 0.91764706 0.91764706 0.91764706
vn -0 0.16439897 0.986394
f 664//222 665//222 666//222
v -0.215 0.88 0.88 0.91764706 0.91764706 0.91764706
v -0.215 0.9 0.85 0.91764706 0.91764706 0.91764706
v -0.215 0.9 0.88 0.91764706 0.91764706 0.91764706
vn 0.5472161 -0 0
f 667//223 668//223 669//223
v -0.215 0.9 0.88 0.91764706 0.91764706 0.91764706
v -0.215 0.9 0.85 0.91764706 0.91764706 0.91764706
v -0.262916 1.36 0.773333 0.91764706 0.91764706 0.91764706
vn 0.9946185 0.10360463 0
f 670//224 671//224 672//224
v -1.3 0.9 0.82 0.91764706 0.91764706 0.91764706
v -0.86875 1.36 0.79 0.91764706 0.91764706 0.91764706
v -0.86875 1.36 0.773333 0.91764706 0.91764706 0.91764706
vn -0.72953725 0.6839411 -3.743311e-07
f 673//225 674//225 675//225
v -1.3 0.9 0.88 0.91764706 0.91764706 0.91764706
v -0.85 1.38 0.8 0.91764706 0.91764706 0.91764706
v -0.85 1.38 0.79 0.91764706 0.91764706 0.91764706
vn -0.7295353 0.68393904 2.3553704e-07
f 676//226 677//226 678//226
v -1.3 0.9 0.88 0.91764706 0.91764706 0.91764706
v -0.85 1.38 0.79 0.91764706 0.91764706 0.91764706
v -0.86875 1.36 0.79 0.91764706 0.91764706 0.91764706
vn -0.7202744 0.6752552 -3.7684522e-06
f 679//227 680//227 681//227
v -1.3 0.9 0.88 0.91764706 0.91764706 0.91764706
v -0.61 1.38 0.8 0.91764706 0.91764706 0.91764706
v -0.85 1.38 0.8 0.91764706 0.91764706 0.91764706
vn -7.3492106e-09 0.16439895 0.9863939
f 682//228 683//228 684//228
v -1 0.88 0.88 0.91764706 0.91764706 0.91764706
v -0.61 1.36 0.79 0.91764706 0.91764706 0.91764706
v -0.61 1.36 0.8 0.91764706 0.91764706 0.91764706
vn 0.7761092 -0.6305886 -9.1363034e-07
f 685//229 686//229 687//229
v -1 0.88 0.88 0.91764706 0.91764706 0.91764706
v -0.61 1.36 0.8 0.91764706 0.91764706 0.91764706
v -0.61 1.38 0.8 0.91764706 0.91764706 0.91764706
vn 0.20094398 8.0846235e-08 0.97960263
f 688//230 689//230 690//230
v -1 0.88 0.88 0.91764706 0.91764706 0.91764706
v -0.61 1.36 0.773333 0.91764706 0.91764706 0.91764706
v -0.61 1.36 0.79 0.91764706 0.91764706 0.91764706
vn 0.7761139 -0.63059276 -5.4816974e-07
f 691//231 692//231 693//231
v -0.85 1.38 0.8 0.91764706 0.91764706 0.91764706
v -0.61 1.38 0.79 0.91764706 0.91764706 0.91764706
v -0.85 1.38 0.79 0.91764706 0.91764706 0.91764706
vn 0 0.98543835 0
f 694//232 695//232 696//232
v -0.61 1.36 0.8 0.91764706 0.91764706 0.91764706
v -0.61 1.36 0.79 0.91764706 0.91764706 0.91764706
v -0.61 1.38 0.79 0.91764706 0.91764706 0.91764706
vn 0.20198354 0 0
f 697//233 698//233 699//233
v -0.61 1.36 0.8 0.91764706 0.91764706 0.91764706
v -0.61 1.38 0.79 0.91764706 0.91764706 0.91764706
v -0.61 1.38 0.8 0.91764706 0.91764706 0.91764706
vn 0.20198354 -0 0
f 700//234 701//234 702//234
v -0.85 1.38 0.8 0.91764706 0.91764706 0.91764706
v -0.61 1.38 0.8 0.91764706 0.91764706 0.91764706
v -0.61 1.38 0.79 0.91764706 0.91764706 0.91764706
vn -0 0.98543835 0
f 703//235 704//235 705//235
v -0.335 0.88 0.88 0.91764706 0.91764706 0.91764706
v -0.385 1.36 0.8 0.91764706 0.91764706 0.91764706
v -0.385 1.36 0.79 0.91764706 0.91764706 0.91764706
vn -0.994517 -0.103595436 -8.0272194e-08
f 706//236 707//236 708//236
v -0.335 0.88 0.88 0.91764706 0.91764706 0.91764706
v -0.385 1.38 0.8 0.91764706 0.91764706 0.91764706
v -0.385 1.36 0.8 0.91764706 0.91764706 0.91764706
vn -0.81314665 6.437058e-08 0.5082164
f 709//237 710//237 711//237
v -0.385 1.36 0.79 0.91764706 0.91764706 0.91764706
v -0.385 1.36 0.773333 0.91764706 0.91764706 0.91764706
v -0.337083 0.9 0.85 0.91764706 0.91764706 0.91764706
vn -0.99461806 -0.10360671 -0
f 712//238 713//238 714//238
v -0.215 0.9 0.88 0.91764706 0.91764706 0.91764706
v -0.265 1.38 0.8 0.91764706 0.91764706 0.91764706
v -0.385 1.38 0.8 0.91764706 0.91764706 0.91764706
vn -1.4698421e-08 0.16439897 0.986394
f 715//239 716//239 717//239
v -0.215 0.9 0.88 0.91764706 0.91764706 0.91764706
v -0.262916 1.36 0.773333 0.91764706 0.91764706 0.91764706
v -0.262916 1.36 0.79 0.91764706 0.91764706 0.91764706
vn 0.9946183 0.10360462 -4.3176566e-08
f 718//240 719//240 720//240
v -0.215 0.9 0.88 0.91764706 0.91764706 0.91764706
v -0.262916 1.36 0.79 0.91764706 0.91764706 0.91764706
v -0.265 1.38 0.8 0.91764706 0.91764706 0.91764706
vn 0.99461377 0.103613734 4.9089664e-05
f 721//241 722//241 723//241
v -0.385 1.36 0.8 0.91764706 0.91764706 0.91764706
v -0.385 1.38 0.79 0.91764706 0.91764706 0.91764706
v -0.385 1.36 0.79 0.91764706 0.91764706 0.91764706
vn -0.20198354 0 0
f 724//242 725//242 726//242
v -0.385 1.36 0.8 0.91764706 0.91764706 0.91764706
v -0.385 1.38 0.8 0.91764706 0.91764706 0.91764706
v -0.385 1.38 0.79 0.91764706 0.91764706 0.91764706
vn -0.20198354 0 0
f 727//243 728//243 729//243
v -0.385 1.38 0.8 0.91764706 0.91764706 0.91764706
v -0.265 1.38 0.79 0.91764706 0.91764706 0.91764706
v -0.385 1.38 0.79 0.91764706 0.91764706 0.91764706
vn 0 0.84223074 0
f 730//244 731//244 732//244
v -0.385 1.38 0.8 0.91764706 0.91764706 0.91764706
v -0.265 1.38 0.8 0.91764706 0.91764706 0.91764706
v -0.265 1.38 0.79 0.91764706 0.91764706 0.91764706
vn -0 0.84223074 0
f 733//245 734//245 735//245
v -0.262916 1.36 0.79 0.91764706 0.91764706 0.91764706
v -0.265 1.38 0.79 0.91764706 0.91764706 0.91764706
v -0.265 1.38 0.8 0.91764706 0.91764706 0.91764706
vn 0.20195344 0.021043438 -9.0403e-10
f 736//246 737//246 738//246
v -1.3 0.9 -0.88 0.91764706 0.91764706 0.91764706
v -1.3 0.88 -0.88 0.91764706 0.91764706 0.91764706
v -1.3 0.88 -0.82 0.91764706 0.91764706 0.91764706
vn -0.84223074 0 0
f 739//247 740//247 741//247
v -1 0.9 -0.88 0.91764706 0.91764706 0.91764706
v -1.2 0.88 -0.88 0.91764706 0.91764706 0.91764706
v -1.3 0.88 -0.88 0.91764706 0.91764706 0.91764706
vn 0 0 -0.9672663
f 742//248 743//248 744//248
v -1.3 0.9 -0.82 0.91764706 0.91764706 0.91764706
v -1.3 0.9 -0.88 0.91764706 0.91764706 0.91764706
v -1.3 0.88 -0.82 0.91764706 0.91764706 0.91764706
vn -0.84223074 -0 -0
f 745//249 746//249 747//249
v -1.3 0.9 -0.88 0.91764706 0.91764706 0.91764706
v -1.3 0.9 -0.82 0.91764706 0.91764706 0.91764706
v -1.291233 0.90935 -0.818441 0.91764706 0.91764706 0.91764706
vn -0.4792614 0.44937837 0
f 748//250 749//250 750//250
v -1.3 0.9 -0.88 0.91764706 0.91764706 0.91764706
v -1 0.9 -0.88 0.91764706 0.91764706 0.91764706
v -1.3 0.88 -0.88 0.91764706 0.91764706 0.91764706
vn 0 0 -0.9999908
f 751//251 752//251 753//251
v -1.3 0.9 -0.88 0.91764706 0.91764706 0.91764706
v -1.291233 0.90935 -0.818441 0.91764706 0.91764706 0.91764706
v -1.084375 1.13 -0.811666 0.91764706 0.91764706 0.91764706
vn -0.72953993 0.68393826 1.7193317e-05
f 754//252 755//252 756//252
v -1 0.88 -0.88 0.91764706 0.91764706 0.91764706
v -1.2 0.88 -0.85 0.91764706 0.91764706 0.91764706
v -1.2 0.88 -0.88 0.91764706 0.91764706 0.91764706
vn 0 -0.99999076 0
f 757//253 758//253 759//253
v -1 0.88 -0.88 0.91764706 0.91764706 0.91764706
v -1 0.88 -0.85 0.91764706 0.91764706 0.91764706
v -1.2 0.88 -0.85 0.91764706 0.91764706 0.91764706
vn 0 -0.99999076 0
f 760//254 761//254 762//254
v -1 0.88 -0.88 0.91764706 0.91764706 0.91764706
v -1.2 0.88 -0.88 0.91764706 0.91764706 0.91764706
v -1 0.9 -0.88 0.91764706 0.91764706 0.91764706
vn 0 0 -0.9994464
f 763//255 764//255 765//255
v -1 0.88 -0.88 0.91764706 0.91764706 0.91764706
v -0.98375 0.9 -0.85 0.91764706 0.91764706 0.91764706
v -1 0.88 -0.85 0.91764706 0.91764706 0.91764706
vn 0.51171833 -0.41577187 0
f 766//256 767//256 768//256
v -1.3 0.9 -0.88 0.91764706 0.91764706 0.91764706
v -0.85 1.38 -0.8 0.91764706 0.91764706 0.91764706
v -1 0.9 -0.88 0.91764706 0.91764706 0.91764706
vn 0 0.16439895 -0.9863939
f 769//257 770//257 771//257
v -1 0.88 -0.88 0.91764706 0.91764706 0.91764706
v -1 0.9 -0.88 0.91764706 0.91764706 0.91764706
v -0.61 1.38 -0.8 0.91764706 0.91764706 0.91764706
vn 0.20094408 0 -0.97960263
f 772//258 773//258 774//258
v -1 0.88 -0.88 0.91764706 0.91764706 0.91764706
v -0.61 1.36 -0.8 0.91764706 0.91764706 0.91764706
v -0.98375 0.9 -0.85 0.91764706 0.91764706 0.91764706
vn 0.7761141 -0.6305925 -8.997218e-07
f 775//259 776//259 777//259
v -0.335 0.88 -0.88 0.91764706 0.91764706 0.91764706
v -0.335 0.88 -0.85 0.91764706 0.91764706 0.91764706
v -0.337083 0.9 -0.85 0.91764706 0.91764706 0.91764706
vn -0.54658353 -0.056926828 0
f 778//260 779//260 780//260
v -0.335 0.88 -0.88 0.91764706 0.91764706 0.91764706
v -0.215 0.88 -0.88 0.91764706 0.91764706 0.91764706
v -0.335 0.88 -0.85 0.91764706 0.91764706 0.91764706
vn 0 -0.9987446 0
f 781//261 782//261 783//261
v -0.215 0.88 -0.88 0.91764706 0.91764706 0.91764706
v -0.215 0.88 -0.85 0.91764706 0.91764706 0.91764706
v -0.335 0.88 -0.85 0.91764706 0.91764706 0.91764706
vn 0 -0.9987446 0
f 784//262 785//262 786//262
v -0.335 0.88 -0.88 0.91764706 0.91764706 0.91764706
v -0.215 0.9 -0.88 0.91764706 0.91764706 0.91764706
v -0.215 0.88 -0.88 0.91764706 0.91764706 0.91764706
vn 0 0 -0.98543835
f 787//263 788//263 789//263
v -0.215 0.88 -0.88 0.91764706 0.91764706 0.91764706
v -0.215 0.9 -0.88 0.91764706 0.91764706 0.91764706
v -0.215 0.88 -0.85 0.91764706 0.91764706 0.91764706
vn 0.5472161 0 0
f 790//264 791//264 792//264
v -0.335 0.88 -0.88 0.91764706 0.91764706 0.91764706
v -0.335 0.9 -0.88 0.91764706 0.91764706 0.91764706
v -0.215 0.9 -0.88 0.91764706 0.91764706 0.91764706
vn 0 0 -0.98543835
f 793//265 794//265 795//265
v -0.335 0.88 -0.88 0.91764706 0.91764706 0.91764706
v -0.337083 0.9 -0.85 0.91764706 0.91764706 0.91764706
v -0.385 1.36 -0.773333 0.91764706 0.91764706 0.91764706
vn -0.9946182 -0.10360885 1.2727296e-05
f 796//266 797//266 798//266
v -0.335 0.88 -0.88 0.91764706 0.91764706 0.91764706
v -0.385 1.38 -0.8 0.91764706 0.91764706 0.91764706
v -0.335 0.9 -0.88 0.91764706 0.91764706 0.91764706
vn -0.81314665 0 -0.50821656
f 799//267 800//267 801//267
v -0.215 0.9 -0.88 0.91764706 0.91764706 0.91764706
v -0.215 0.9 -0.85 0.91764706 0.91764706 0.91764706
v -0.215 0.88 -0.85 0.91764706 0.91764706 0.91764706
vn 0.5472161 0 -0
f 802//268 803//268 804//268
v -0.335 0.9 -0.88 0.91764706 0.91764706 0.91764706
v -0.265 1.38 -0.8 0.91764706 0.91764706 0.91764706
v -0.215 0.9 -0.88 0.91764706 0.91764706 0.91764706
vn 0 0.16439897 -0.986394
f 805//269 806//269 807//269
v -0.215 0.9 -0.88 0.91764706 0.91764706 0.91764706
v -0.262916 1.36 -0.79 0.91764706 0.91764706 0.91764706
v -0.215 0.9 -0.85 0.91764706 0.91764706 0.91764706
vn 0.9946185 0.10360463 -0
f 808//270 809//270 810//270
v -1.3 0.9 -0.88 0.91764706 0.91764706 0.91764706
v -1.084375 1.13 -0.811666 0.91764706 0.91764706 0.91764706
v -0.86875 1.36 -0.79 0.91764706 0.91764706 0.91764706
vn -0.729537 0.68394125 -1.6528774e-06
f 811//271 812//271 813//271
v -1.3 0.9 -0.88 0.91764706 0.91764706 0.91764706
v -0.86875 1.36 -0.79 0.91764706 0.91764706 0.91764706
v -0.85 1.38 -0.8 0.91764706 0.91764706 0.91764706
vn -0.72953725 0.683941 2.051895e-06
f 814//272 815//272 816//272
v -1 0.9 -0.88 0.91764706 0.91764706 0.91764706
v -0.85 1.38 -0.8 0.91764706 0.91764706 0.91764706
v -0.61 1.38 -0.8 0.91764706 0.91764706 0.91764706
vn 7.3492097e-09 0.16439894 -0.9863939
f 817//273 818//273 819//273
v -0.61 1.36 -0.79 0.91764706 0.91764706 0.91764706
v -0.61 1.36 -0.773333 0.91764706 0.91764706 0.91764706
v -0.98375 0.9 -0.85 0.91764706 0.91764706 0.91764706
vn 0.77611405 -0.6305926 0
f 820//274 821//274 822//274
v -1 0.88 -0.88 0.91764706 0.91764706 0.91764706
v -0.61 1.38 -0.8 0.91764706 0.91764706 0.91764706
v -0.61 1.36 -0.8 0.91764706 0.91764706 0.91764706
vn 0.20094393 -8.084617e-08 -0.9796026
f 823//275 824//275 825//275
v -0.61 1.36 -0.79 0.91764706 0.91764706 0.91764706
v -0.98375 0.9 -0.85 0.91764706 0.91764706 0.91764706
v -0.61 1.36 -0.8 0.91764706 0.91764706 0.91764706
vn 0.77610576 -0.63058585 0
f 826//276 827//276 828//276
v -0.86875 1.36 -0.79 0.91764706 0.91764706 0.91764706
v -1.084375 1.13 -0.811666 0.91764706 0.91764706 0.91764706
v -0.86875 1.36 -0.773333 0.91764706 0.91764706 0.91764706
vn -0.7295062 0.68391216 0
f 829//277 830//277 831//277
v -0.86875 1.36 -0.79 0.91764706 0.91764706 0.91764706
v -0.85 1.38 -0.79 0.91764706 0.91764706 0.91764706
v -0.85 1.38 -0.8 0.91764706 0.91764706 0.91764706
vn -0.1995841 0.1871098 4.8783777e-09
f 832//278 833//278 834//278
v -0.85 1.38 -0.79 0.91764706 0.91764706 0.91764706
v -0.61 1.38 -0.8 0.91764706 0.91764706 0.91764706
v -0.85 1.38 -0.8 0.91764706 0.91764706 0.91764706
vn 0 0.98543835 0
f 835//279 836//279 837//279
v -0.61 1.36 -0.79 0.91764706 0.91764706 0.91764706
v -0.61 1.36 -0.8 0.91764706 0.91764706 0.91764706
v -0.61 1.38 -0.79 0.91764706 0.91764706 0.91764706
vn 0.20198354 -0 0
f 838//280 839//280 840//280
v -0.61 1.36 -0.8 0.91764706 0.91764706 0.91764706
v -0.61 1.38 -0.8 0.91764706 0.91764706 0.91764706
v -0.61 1.38 -0.79 0.91764706 0.91764706 0.91764706
vn 0.20198354 0 0
f 841//281 842//281 843//281
v -0.85 1.38 -0.79 0.91764706 0.91764706 0.91764706
v -0.61 1.38 -0.79 0.91764706 0.91764706 0.91764706
v -0.61 1.38 -0.8 0.91764706 0.91764706 0.91764706
vn -0 0.98543835 0
f 844//282 845//282 846//282
v -0.335 0.88 -0.88 0.91764706 0.91764706 0.91764706
v -0.385 1.36 -0.773333 0.91764706 0.91764706 0.91764706
v -0.385 1.36 -0.79 0.91764706 0.91764706 0.91764706
vn -0.9946183 -0.103606045 -4.8167202e-08
f 847//283 848//283 849//283
v -0.335 0.88 -0.88 0.91764706 0.91764706 0.91764706
v -0.385 1.36 -0.79 0.91764706 0.91764706 0.91764706
v -0.385 1.36 -0.8 0.91764706 0.91764706 0.91764706
vn -0.9945169 -0.10359547 -8.0272216e-08
f 850//284 851//284 852//284
v -0.335 0.88 -0.88 0.91764706 0.91764706 0.91764706
v -0.385 1.36 -0.8 0.91764706 0.91764706 0.91764706
v -0.385 1.38 -0.8 0.91764706 0.91764706 0.91764706
vn -0.8131464 -6.4370596e-08 -0.5082167
f 853//285 854//285 855//285
v -0.335 0.9 -0.88 0.91764706 0.91764706 0.91764706
v -0.385 1.38 -0.8 0.91764706 0.91764706 0.91764706
v -0.265 1.38 -0.8 0.91764706 0.91764706 0.91764706
vn 1.4698419e-08 0.16439895 -0.9863939
f 856//286 857//286 858//286
v -0.262916 1.36 -0.79 0.91764706 0.91764706 0.91764706
v -0.262916 1.36 -0.773333 0.91764706 0.91764706 0.91764706
v -0.215 0.9 -0.85 0.91764706 0.91764706 0.91764706
vn 0.99461824 0.10360461 -0
f 859//287 860//287 861//287
v -0.215 0.9 -0.88 0.91764706 0.91764706 0.91764706
v -0.265 1.38 -0.8 0.91764706 0.91764706 0.91764706
v -0.262916 1.36 -0.79 0.91764706 0.91764706 0.91764706
vn 0.9946138 0.10361371 -4.9091188e-05
f 862//288 863//288 864//288
v -0.385 1.36 -0.79 0.91764706 0.91764706 0.91764706
v -0.385 1.38 -0.8 0.91764706 0.91764706 0.91764706
v -0.385 1.36 -0.8 0.91764706 0.91764706 0.91764706
vn -0.20198354 0 0
f 865//289 866//289 867//289
v -0.385 1.36 -0.79 0.91764706 0.91764706 0.91764706
v -0.385 1.38 -0.79 0.91764706 0.91764706 0.91764706
v -0.385 1.38 -0.8 0.91764706 0.91764706 0.91764706
vn -0.20198354 0 0
f 868//290 869//290 870//290
v -0.385 1.38 -0.79 0.91764706 0.91764706 0.91764706
v -0.265 1.38 -0.8 0.91764706 0.91764706 0.91764706
v -0.385 1.38 -0.8 0.91764706 0.91764706 0.91764706
vn 0 0.84223074 0
f 871//291 872//291 873//291
v -0.385 1.38 -0.79 0.91764706 0.91764706 0.91764706
v -0.265 1.38 -0.79 0.91764706 0.91764706 0.91764706
v -0.265 1.38 -0.8 0.91764706 0.91764706 0.91764706
vn -0 0.84223074 0
f 874//292 875//292 876//292
v -0.262916 1.36 -0.79 0.91764706 0.91764706 0.91764706
v -0.265 1.38 -0.8 0.91764706 0.91764706 0.91764706
v -0.265 1.38 -0.79 0.91764706 0.91764706 0.91764706
vn 0.20195344 0.021043438 -9.0403e-10
f 877//293 878//293 879//293
v 0.61 0.88 0.88 0.91764706 0.91764706 0.91764706
v 0.1 1.36 0.79 0.91764706 0.91764706 0.91764706
v 0.58875 0.9 0.85 0.91764706 0.91764706 0.91764706
vn -0.6853648 -0.72819984 8.0826544e-07
f 880//294 881//294 882//294
v 0.61 0.88 0.88 0.91764706 0.91764706 0.91764706
v 0.61 0.9 0.88 0.91764706 0.91764706 0.91764706
v 0.1 1.38 0.8 0.91764706 0.91764706 0.91764706
vn -0.15496774 0 0.9879195
f 883//295 884//295 885//295
v 0.61 0.9 0.88 0.91764706 0.91764706 0.91764706
v 0.75 0.9 0.88 0.91764706 0.91764706 0.91764706
v 0.1 1.38 0.8 0.91764706 0.91764706 0.91764706
vn -0 0.16439894 0.98639387
f 886//296 887//296 888//296
v 0.75 0.9 0.88 0.91764706 0.91764706 0.91764706
v 0.75 0.9 0.82 0.91764706 0.91764706 0.91764706
v 0.222916 1.36 0.743333 0.91764706 0.91764706 0.91764706
vn 0.6575338 0.75342506 0
f 889//297 890//297 891//297
v 0.61 0.88 0.88 0.91764706 0.91764706 0.91764706
v 0.58875 0.9 0.85 0.91764706 0.91764706 0.91764706
v 0.61 0.88 0.85 0.91764706 0.91764706 0.91764706
vn -0.48973933 -0.5203488 -0
f 892//298 893//298 894//298
v 0.61 0.88 0.88 0.91764706 0.91764706 0.91764706
v 0.75 0.88 0.88 0.91764706 0.91764706 0.91764706
v 0.75 0.9 0.88 0.91764706 0.91764706 0.91764706
vn 0 0 0.9935553
f 895//299 896//299 897//299
v 0.61 0.88 0.88 0.91764706 0.91764706 0.91764706
v 0.75 0.88 0.85 0.91764706 0.91764706 0.91764706
v 0.75 0.88 0.88 0.91764706 0.91764706 0.91764706
vn 0 -0.9996325 0
f 898//300 899//300 900//300
v 0.61 0.88 0.88 0.91764706 0.91764706 0.91764706
v 0.61 0.88 0.85 0.91764706 0.91764706 0.91764706
v 0.75 0.88 0.85 0.91764706 0.91764706 0.91764706
vn 0 -0.9996325 0
f 901//301 902//301 903//301
v 0.75 0.88 0.88 0.91764706 0.91764706 0.91764706
v 0.75 0.88 0.85 0.91764706 0.91764706 0.91764706
v 0.75 0.9 0.82 0.91764706 0.91764706 0.91764706
vn 0.5472161 0 0
f 904//302 905//302 906//302
v 0.75 0.88 0.85 0.91764706 0.91764706 0.91764706
v 0.75 0.88 0.82 0.91764706 0.91764706 0.91764706
v 0.75 0.9 0.82 0.91764706 0.91764706 0.91764706
vn 0.54721695 0 0
f 907//303 908//303 909//303
v 0.61 0.88 0.88 0.91764706 0.91764706 0.91764706
v 0.75 0.9 0.88 0.91764706 0.91764706 0.91764706
v 0.61 0.9 0.88 0.91764706 0.91764706 0.91764706
vn 0 0 0.9935553
f 910//304 911//304 912//304
v 0.75 0.88 0.88 0.91764706 0.91764706 0.91764706
v 0.75 0.9 0.82 0.91764706 0.91764706 0.91764706
v 0.75 0.9 0.88 0.91764706 0.91764706 0.91764706
vn 0.84223074 -0 0
f 913//305 914//305 915//305
v 0.61 0.88 0.88 0.91764706 0.91764706 0.91764706
v 0.1 1.36 0.8 0.91764706 0.91764706 0.91764706
v 0.1 1.36 0.79 0.91764706 0.91764706 0.91764706
vn -0.685364 -0.7281991 5.378703e-07
f 916//306 917//306 918//306
v 0.61 0.88 0.88 0.91764706 0.91764706 0.91764706
v 0.1 1.38 0.8 0.91764706 0.91764706 0.91764706
v 0.1 1.36 0.8 0.91764706 0.91764706 0.91764706
vn -0.15496768 -4.1565634e-08 0.9879195
f 919//307 920//307 921//307
v 0.1 1.36 0.79 0.91764706 0.91764706 0.91764706
v 0.1 1.36 0.773333 0.91764706 0.91764706 0.91764706
v 0.58875 0.9 0.85 0.91764706 0.91764706 0.91764706
vn -0.6853647 -0.72819996 -0
f 922//308 923//308 924//308
v 0.75 0.9 0.88 0.91764706 0.91764706 0.91764706
v 0.2 1.38 0.8 0.91764706 0.91764706 0.91764706
v 0.1 1.38 0.8 0.91764706 0.91764706 0.91764706
vn -1.7638115e-08 0.16439897 0.9863939
f 925//309 926//309 927//309
v 0.75 0.9 0.88 0.91764706 0.91764706 0.91764706
v 0.222916 1.36 0.79 0.91764706 0.91764706 0.91764706
v 0.2 1.38 0.8 0.91764706 0.91764706 0.91764706
vn 0.6575368 0.75342244 -3.0055593e-05
f 928//310 929//310 930//310
v 0.75 0.9 0.88 0.91764706 0.91764706 0.91764706
v 0.222916 1.36 0.743333 0.91764706 0.91764706 0.91764706
v 0.222916 1.36 0.79 0.91764706 0.91764706 0.91764706
vn 0.65753376 0.753425 1.3389259e-08
f 931//311 932//311 933//311
v 0.1 1.36 0.8 0.91764706 0.91764706 0.91764706
v 0.1 1.38 0.79 0.91764706 0.91764706 0.91764706
v 0.1 1.36 0.79 0.91764706 0.91764706 0.91764706
vn -0.20198354 0 0
f 934//312 935//312 936//312
v 0.1 1.36 0.8 0.91764706 0.91764706 0.91764706
v 0.1 1.38 0.8 0.91764706 0.91764706 0.91764706
v 0.1 1.38 0.79 0.91764706 0.91764706 0.91764706
vn -0.20198354 0 0
f 937//313 938//313 939//313
v 0.1 1.38 0.8 0.91764706 0.91764706 0.91764706
v 0.2 1.38 0.79 0.91764706 0.91764706 0.91764706
v 0.1 1.38 0.79 0.91764706 0.91764706 0.91764706
vn 0 0.7714905 0
f 940//314 941//314 942//314
v 0.222916 1.36 0.79 0.91764706 0.91764706 0.91764706
v 0.2 1.38 0.79 0.91764706 0.91764706 0.91764706
v 0.2 1.38 0.8 0.91764706 0.91764706 0.91764706
vn 0.1984245 0.22735506 1.7835154e-09
f 943//315 944//315 945//315
v 0.1 1.38 0.8 0.91764706 0.91764706 0.91764706
v 0.2 1.38 0.8 0.91764706 0.91764706 0.91764706
v 0.2 1.38 0.79 0.91764706 0.91764706 0.91764706
vn -0 0.7714905 0
f 946//316 947//316 948//316
v 0.61 0.88 -0.88 0.91764706 0.91764706 0.91764706
v 0.58875 0.9 -0.85 0.91764706 0.91764706 0.91764706
v 0.1 1.36 -0.773333 0.91764706 0.91764706 0.91764706
vn -0.68536484 -0.72819996 -8.3489203e-07
f 949//317 950//317 951//317
v 0.61 0.88 -0.88 0.91764706 0.91764706 0.91764706
v 0.1 1.38 -0.8 0.91764706 0.91764706 0.91764706
v 0.61 0.9 -0.88 0.91764706 0.91764706 0.91764706
vn -0.15496774 0 -0.9879195
f 952//318 953//318 954//318
v 0.61 0.9 -0.88 0.91764706 0.91764706 0.91764706
v 0.2 1.38 -0.8 0.91764706 0.91764706 0.91764706
v 0.75 0.9 -0.88 0.91764706 0.91764706 0.91764706
vn 0 0.16439894 -0.98639387
f 955//319 956//319 957//319
v 0.75 0.9 -0.82 0.91764706 0.91764706 0.91764706
v 0.75 0.9 -0.88 0.91764706 0.91764706 0.91764706
v 0.2 1.38 -0.8 0.91764706 0.91764706 0.91764706
vn 0.65753424 0.7534247 0
f 958//320 959//320 960//320
v 0.61 0.88 -0.88 0.91764706 0.91764706 0.91764706
v 0.61 0.88 -0.85 0.91764706 0.91764706 0.91764706
v 0.58875 0.9 -0.85 0.91764706 0.91764706 0.91764706
vn -0.48973933 -0.5203488 0
f 961//321 962//321 963//321
v 0.75 0.88 -0.88 0.91764706 0.91764706 0.91764706
v 0.75 0.88 -0.85 0.91764706 0.91764706 0.91764706
v 0.61 0.88 -0.85 0.91764706 0.91764706 0.91764706
vn 0 -0.9996325 0
f 964//322 965//322 966//322
v 0.61 0.88 -0.88 0.91764706 0.91764706 0.91764706
v 0.75 0.88 -0.88 0.91764706 0.91764706 0.91764706
v 0.61 0.88 -0.85 0.91764706 0.91764706 0.91764706
vn 0 -0.9996325 0
f 967//323 968//323 969//323
v 0.61 0.88 -0.88 0.91764706 0.91764706 0.91764706
v 0.75 0.9 -0.88 0.91764706 0.91764706 0.91764706
v 0.75 0.88 -0.88 0.91764706 0.91764706 0.91764706
vn 0 0 -0.9935553
f 970//324 971//324 972//324
v 0.75 0.9 -0.88 0.91764706 0.91764706 0.91764706
v 0.75 0.88 -0.82 0.91764706 0.91764706 0.91764706
v 0.75 0.88 -0.85 0.91764706 0.91764706 0.91764706
vn 0.54721695 0 0
f 973//325 974//325 975//325
v 0.75 0.88 -0.85 0.91764706 0.91764706 0.91764706
v 0.75 0.88 -0.88 0.91764706 0.91764706 0.91764706
v 0.75 0.9 -0.88 0.91764706 0.91764706 0.91764706
vn 0.5472161 0 0
f 976//326 977//326 978//326
v 0.61 0.88 -0.88 0.91764706 0.91764706 0.91764706
v 0.61 0.9 -0.88 0.91764706 0.91764706 0.91764706
v 0.75 0.9 -0.88 0.91764706 0.91764706 0.91764706
vn 0 0 -0.9935553
f 979//327 980//327 981//327
v 0.75 0.88 -0.82 0.91764706 0.91764706 0.91764706
v 0.75 0.9 -0.88 0.91764706 0.91764706 0.91764706
v 0.75 0.9 -0.82 0.91764706 0.91764706 0.91764706
vn 0.84223074 -0 0
f 982//328 983//328 984//328
v 0.1 1.36 -0.79 0.91764706 0.91764706 0.91764706
v 0.61 0.88 -0.88 0.91764706 0.91764706 0.91764706
v 0.1 1.36 -0.773333 0.91764706 0.91764706 0.91764706
vn -0.6853648 -0.7282 0
f 985//329 986//329 987//329
v 0.61 0.88 -0.88 0.91764706 0.91764706 0.91764706
v 0.1 1.36 -0.79 0.91764706 0.91764706 0.91764706
v 0.1 1.36 -0.8 0.91764706 0.91764706 0.91764706
vn -0.6853637 -0.7281993 5.378703e-07
f 988//330 989//330 990//330
v 0.61 0.88 -0.88 0.91764706 0.91764706 0.91764706
v 0.1 1.36 -0.8 0.91764706 0.91764706 0.91764706
v 0.1 1.38 -0.8 0.91764706 0.91764706 0.91764706
vn -0.15496765 4.1565652e-08 -0.9879195
f 991//331 992//331 993//331
v 0.61 0.9 -0.88 0.91764706 0.91764706 0.91764706
v 0.1 1.38 -0.8 0.91764706 0.91764706 0.91764706
v 0.2 1.38 -0.8 0.91764706 0.91764706 0.91764706
vn 1.7638111e-08 0.16439892 -0.9863939
f 994//332 995//332 996//332
v 0.75 0.9 -0.82 0.91764706 0.91764706 0.91764706
v 0.222916 1.36 -0.79 0.91764706 0.91764706 0.91764706
v 0.222916 1.36 -0.743333 0.91764706 0.91764706 0.91764706
vn 0.6575338 0.75342506 1.3389259e-08
f 997//333 998//333 999//333
v 0.75 0.9 -0.82 0.91764706 0.91764706 0.91764706
v 0.2 1.38 -0.79 0.91764706 0.91764706 0.91764706
v 0.222916 1.36 -0.79 0.91764706 0.91764706 0.91764706
vn 0.4817376 0.5519758 0.0002454397
f 1000//334 1001//334 1002//334
v 0.75 0.9 -0.82 0.91764706 0.91764706 0.91764706
v 0.2 1.38 -0.8 0.91764706 0.91764706 0.91764706
v 0.2 1.38 -0.79 0.91764706 0.91764706 0.91764706
vn 0.6575338 0.75342417 -1.6656645e-06
f 1003//335 1004//335 1005//335
v 0.1 1.36 -0.79 0.91764706 0.91764706 0.91764706
v 0.1 1.38 -0.8 0.91764706 0.91764706 0.91764706
v 0.1 1.36 -0.8 0.91764706 0.91764706 0.91764706
vn -0.20198354 0 0
f 1006//336 1007//336 1008//336
v 0.1 1.36 -0.79 0.91764706 0.91764706 0.91764706
v 0.1 1.38 -0.79 0.91764706 0.91764706 0.91764706
v 0.1 1.38 -0.8 0.91764706 0.91764706 0.91764706
vn -0.20198354 0 0
f 1009//337 1010//337 1011//337
v 0.1 1.38 -0.79 0.91764706 0.91764706 0.91764706
v 0.2 1.38 -0.8 0.91764706 0.91764706 0.91764706
v 0.1 1.38 -0.8 0.91764706 0.91764706 0.91764706
vn 0 0.7714905 0
f 1012//338 1013//338 1014//338
v 0.1 1.38 -0.79 0.91764706 0.91764706 0.91764706
v 0.2 1.38 -0.79 0.91764706 0.91764706 0.91764706
v 0.2 1.38 -0.8 0.91764706 0.91764706 0.91764706
vn -0 0.7714905 0
f 1015//339 1016//339 1017//339
v -1.526274 0.093725 -0.68 0.078431375 0.078431375 0.078431375
v -1.526274 0.093725 -0.92 0.078431375 0.078431375 0.078431375
v -1.3 0 -0.68 0.078431375 0.078431375 0.078431375
vn -0.38268077 -0.92388064 -0
f 1018//340 1019//340 1020//340
v -1.526274 0.093725 -0.68 0.078431375 0.078431375 0.078431375
v -1.42445 0.195549 -0.68 0.078431375 0.078431375 0.078431375
v -1.570294 0.2 -0.68 0.078431375 0.078431375 0.078431375
vn 0 -0 1
f 1021//341 1022//341 1023//341
v -1.526274 0.093725 -0.68 0.078431375 0.078431375 0.078431375
v -1.570294 0.2 -0.68 0.078431375 0.078431375 0.078431375
v -1.570294 0.2 -0.9 0.078431375 0.078431375 0.078431375
vn -0.92388105 -0.3826798 -5.91813e-09
f 1024//342 1025//342 1026//342
v -1.3 0 -0.68 0.078431375 0.078431375 0.078431375
v -1.073725 0.093725 -0.68 0.078431375 0.078431375 0.078431375
v -1.3 0.144 -0.68 0.078431375 0.078431375 0.078431375
vn 0 0 1
f 1027//343 1028//343 1029//343
v -1.3 0 -0.68 0.078431375 0.078431375 0.078431375
v -1.3 0 -0.92 0.078431375 0.078431375 0.078431375
v -1.073725 0.093725 -0.68 0.078431375 0.078431375 0.078431375
vn 0.38267937 -0.9238812 0
f 1030//344 1031//344 1032//344
v -1.526274 0.093725 -0.68 0.078431375 0.078431375 0.078431375
v -1.3 0 -0.68 0.078431375 0.078431375 0.078431375
v -1.42445 0.195549 -0.68 0.078431375 0.078431375 0.078431375
vn -0 0 1
f 1033//345 1034//345 1035//345
v -1.3 0 -0.68 0.078431375 0.078431375 0.078431375
v -1.3 0.144 -0.68 0.078431375 0.078431375 0.078431375
v -1.42445 0.195549 -0.68 0.078431375 0.078431375 0.078431375
vn 0 -0 1
f 1036//346 1037//346 1038//346
v -1.3 0.144 -0.68 0.078431375 0.078431375 0.078431375
v -1.073725 0.093725 -0.68 0.078431375 0.078431375 0.078431375
v -1.175549 0.195549 -0.68 0.078431375 0.078431375 0.078431375
vn -0 0 1
f 1039//347 1040//347 1041//347
v -1.42445 0.195549 -0.68 0.078431375 0.078431375 0.078431375
v -1.426294 0.2 -0.68 0.078431375 0.078431375 0.078431375
v -1.570294 0.2 -0.68 0.078431375 0.078431375 0.078431375
vn 0 0 0.5759147
f 1042//348 1043//348 1044//348
v -1.526274 0.093725 -0.68 0.078431375 0.078431375 0.078431375
v -1.570294 0.2 -0.9 0.078431375 0.078431375 0.078431375
v -1.526274 0.093725 -0.92 0.078431375 0.078431375 0.078431375
vn -0.9238811 -0.38267982 -0
f 1045//349 1046//349 1047//349
v -1.3 0 -0.68 0.078431375 0.078431375 0.078431375
v -1.526274 0.093725 -0.92 0.078431375 0.078431375 0.078431375
v -1.3 0 -0.92 0.078431375 0.078431375 0.078431375
vn -0.38268077 -0.92388064 -0
f 1048//350 1049//350 1050//350
v -1.526274 0.093725 -0.92 0.078431375 0.078431375 0.078431375
v -1.3 0.144 -0.92 0.078431375 0.078431375 0.078431375
v -1.3 0 -0.92 0.078431375 0.078431375 0.078431375
vn 0 0 -0.99999994
f 1051//351 1052//351 1053//351
v -1.526274 0.093725 -0.92 0.078431375 0.078431375 0.078431375
v -1.42445 0.195549 -0.92 0.078431375 0.078431375 0.078431375
v -1.3 0.144 -0.92 0.078431375 0.078431375 0.078431375
vn 0 0 -1
f 1054//352 1055//352 1056//352
v -1.3 0 -0.92 0.078431375 0.078431375 0.078431375
v -1.3 0.144 -0.92 0.078431375 0.078431375 0.078431375
v -1.175549 0.195549 -0.92 0.078431375 0.078431375 0.078431375
vn 0 0 -1
f 1057//353 1058//353 1059//353
v -1.3 0 -0.92 0.078431375 0.078431375 0.078431375
v -1.175549 0.195549 -0.92 0.078431375 0.078431375 0.078431375
v -1.073725 0.093725 -0.92 0.078431375 0.078431375 0.078431375
vn 0 0 -1
f 1060//354 1061//354 1062//354
v -1.526274 0.093725 -0.92 0.078431375 0.078431375 0.078431375
v -1.570294 0.2 -0.9 0.078431375 0.078431375 0.078431375
v -1.62 0.32 -0.92 0.078431375 0.078431375 0.078431375
vn -0.9237985 -0.38264933 1.9677904e-05
f 1063//355 1064//355 1065//355
v -1.526274 0.093725 -0.92 0.078431375 0.078431375 0.078431375
v -1.476 0.32 -0.92 0.078431375 0.078431375 0.078431375
v -1.42445 0.195549 -0.92 0.078431375 0.078431375 0.078431375
vn 0 0 -1
f 1066//356 1067//356 1068//356
v -1.62 0.32 -0.92 0.078431375 0.078431375 0.078431375
v -1.570294 0.2 -0.9 0.078431375 0.078431375 0.078431375
v -1.62 0.32 -0.9 0.078431375 0.078431375 0.078431375
vn -0.91488373 -0.37895998 0
f 1069//357 1070//357 1071//357
v -1.526274 0.093725 -0.92 0.078431375 0.078431375 0.078431375
v -1.62 0.32 -0.92 0.078431375 0.078431375 0.078431375
v -1.526274 0.546274 -0.92 0.078431375 0.078431375 0.078431375
vn 0 0 -1
f 1072//358 1073//358 1074//358
v -1.526274 0.093725 -0.92 0.078431375 0.078431375 0.078431375
v -1.526274 0.546274 -0.92 0.078431375 0.078431375 0.078431375
v -1.476 0.32 -0.92 0.078431375 0.078431375 0.078431375
vn 0 0 -1
f 1075//359 1076//359 1077//359
v -1.62 0.32 -0.92 0.078431375 0.078431375 0.078431375
v -1.62 0.32 -0.9 0.078431375 0.078431375 0.078431375
v -1.526274 0.546274 -0.9 0.078431375 0.078431375 0.078431375
vn -0.9237979 0.38265073 0
f 1078//360 1079//360 1080//360
v -1.476 0.32 -0.92 0.078431375 0.078431375 0.078431375
v -1.526274 0.546274 -0.92 0.078431375 0.078431375 0.078431375
v -1.42445 0.44445 -0.92 0.078431375 0.078431375 0.078431375
vn 0 0 -1
f 1081//361 1082//361 1083//361
v -1.62 0.32 -0.92 0.078431375 0.078431375 0.078431375
v -1.526274 0.546274 -0.9 0.078431375 0.078431375 0.078431375
v -1.526274 0.546274 -0.92 0.078431375 0.078431375 0.078431375
vn -0.9237979 0.38265073 -8.0261884e-08
f 1084//362 1085//362 1086//362
v -1.42445 0.44445 -0.92 0.078431375 0.078431375 0.078431375
v -1.3 0.64 -0.92 0.078431375 0.078431375 0.078431375
v -1.3 0.496 -0.92 0.078431375 0.078431375 0.078431375
vn 0 0 -1
f 1087//363 1088//363 1089//363
v -1.3 0.496 -0.92 0.078431375 0.078431375 0.078431375
v -1.073725 0.546274 -0.92 0.078431375 0.078431375 0.078431375
v -1.175549 0.44445 -0.92 0.078431375 0.078431375 0.078431375
vn 0 0 -1
f 1090//364 1091//364 1092//364
v -1.526274 0.546274 -0.92 0.078431375 0.078431375 0.078431375
v -1.526274 0.546274 -0.9 0.078431375 0.078431375 0.078431375
v -1.3 0.64 -0.9 0.078431375 0.078431375 0.078431375
vn -0.38265052 0.923798 0
f 1093//365 1094//365 1095//365
v -1.42445 0.44445 -0.92 0.078431375 0.078431375 0.078431375
v -1.526274 0.546274 -0.92 0.078431375 0.078431375 0.078431375
v -1.3 0.64 -0.92 0.078431375 0.078431375 0.078431375
vn 0 0 -1
f 1096//366 1097//366 1098//366
v -1.526274 0.546274 -0.92 0.078431375 0.078431375 0.078431375
v -1.3 0.64 -0.9 0.078431375 0.078431375 0.078431375
v -1.3 0.64 -0.92 0.078431375 0.078431375 0.078431375
vn -0.38265052 0.923798 1.1284472e-08
f 1099//367 1100//367 1101//367
v -1.3 0.496 -0.92 0.078431375 0.078431375 0.078431375
v -1.3 0.64 -0.92 0.078431375 0.078431375 0.078431375
v -1.073725 0.546274 -0.92 0.078431375 0.078431375 0.078431375
vn 0 0 -1
f 1102//368 1103//368 1104//368
v -1.3 0.64 -0.92 0.078431375 0.078431375 0.078431375
v -1.3 0.64 -0.9 0.078431375 0.078431375 0.078431375
v -1.073725 0.546274 -0.9 0.078431375 0.078431375 0.078431375
vn 0.38264912 0.92379856 -0
f 1105//369 1106//369 1107//369
v -1.175549 0.195549 -0.68 0.078431375 0.078431375 0.078431375
v -1.073725 0.093725 -0.68 0.078431375 0.078431375 0.078431375
v -1.029705 0.2 -0.68 0.078431375 0.078431375 0.078431375
vn -0 0 1
f 1108//370 1109//370 1110//370
v -1.073725 0.093725 -0.68 0.078431375 0.078431375 0.078431375
v -1.073725 0.093725 -0.92 0.078431375 0.078431375 0.078431375
v -1.029705 0.2 -0.68 0.078431375 0.078431375 0.078431375
vn 0.9238814 -0.3826789 0
f 1111//371 1112//371 1113//371
v -1.175549 0.195549 -0.68 0.078431375 0.078431375 0.078431375
v -1.029705 0.2 -0.68 0.078431375 0.078431375 0.078431375
v -1.173705 0.2 -0.68 0.078431375 0.078431375 0.078431375
vn 0 0 0.57591426
f 1114//372 1115//372 1116//372
v -1.3 0 -0.92 0.078431375 0.078431375 0.078431375
v -1.073725 0.093725 -0.92 0.078431375 0.078431375 0.078431375
v -1.073725 0.093725 -0.68 0.078431375 0.078431375 0.078431375
vn 0.38267937 -0.9238812 -1.2356531e-08
f 1117//373 1118//373 1119//373
v -1.073725 0.093725 -0.92 0.078431375 0.078431375 0.078431375
v -1.029705 0.2 -0.9 0.078431375 0.078431375 0.078431375
v -1.029705 0.2 -0.68 0.078431375 0.078431375 0.078431375
vn 0.9238814 -0.3826789 -8.684607e-09
f 1120//374 1121//374 1122//374
v -1.175549 0.195549 -0.92 0.078431375 0.078431375 0.078431375
v -1.124 0.32 -0.92 0.078431375 0.078431375 0.078431375
v -1.073725 0.093725 -0.92 0.078431375 0.078431375 0.078431375
vn 0 0 -1
f 1123//375 1124//375 1125//375
v -1.073725 0.093725 -0.92 0.078431375 0.078431375 0.078431375
v -0.98 0.32 -0.92 0.078431375 0.078431375 0.078431375
v -1.029705 0.2 -0.9 0.078431375 0.078431375 0.078431375
vn 0.9238001 -0.38264558 1.9259899e-06
f 1126//376 1127//376 1128//376
v -1.073725 0.093725 -0.92 0.078431375 0.078431375 0.078431375
v -1.124 0.32 -0.92 0.078431375 0.078431375 0.078431375
v -1.073725 0.546274 -0.92 0.078431375 0.078431375 0.078431375
vn 0 0 -1
f 1129//377 1130//377 1131//377
v -1.073725 0.093725 -0.92 0.078431375 0.078431375 0.078431375
v -1.073725 0.546274 -0.92 0.078431375 0.078431375 0.078431375
v -0.98 0.32 -0.92 0.078431375 0.078431375 0.078431375
vn 0 0 -1
f 1132//378 1133//378 1134//378
v -0.98 0.32 -0.92 0.078431375 0.078431375 0.078431375
v -0.98 0.32 -0.9 0.078431375 0.078431375 0.078431375
v -1.029705 0.2 -0.9 0.078431375 0.078431375 0.078431375
vn 0.9148862 -0.3789537 0
f 1135//379 1136//379 1137//379
v -0.98 0.32 -0.92 0.078431375 0.078431375 0.078431375
v -1.073725 0.546274 -0.92 0.078431375 0.078431375 0.078431375
v -0.98 0.32 -0.9 0.078431375 0.078431375 0.078431375
vn 0.9237994 0.38264695 -0
f 1138//380 1139//380 1140//380
v -1.175549 0.44445 -0.92 0.078431375 0.078431375 0.078431375
v -1.073725 0.546274 -0.92 0.078431375 0.078431375 0.078431375
v -1.124 0.32 -0.92 0.078431375 0.078431375 0.078431375
vn 0 0 -1
f 1141//381 1142//381 1143//381
v -1.073725 0.546274 -0.92 0.078431375 0.078431375 0.078431375
v -1.073725 0.546274 -0.9 0.078431375 0.078431375 0.078431375
v -0.98 0.32 -0.9 0.078431375 0.078431375 0.078431375
vn 0.9237994 0.38264695 -0
f 1144//382 1145//382 1146//382
v -1.3 0.64 -0.92 0.078431375 0.078431375 0.078431375
v -1.073725 0.546274 -0.9 0.078431375 0.078431375 0.078431375
v -1.073725 0.546274 -0.92 0.078431375 0.078431375 0.078431375
vn 0.38264912 0.92379856 -1.5960653e-08
f 1147//383 1148//383 1149//383
v -1.526274 0.093725 0.92 0.078431375 0.078431375 0.078431375
v -1.526274 0.093725 0.68 0.078431375 0.078431375 0.078431375
v -1.3 0 0.92 0.078431375 0.078431375 0.078431375
vn -0.38268077 -0.92388064 -0
f 1150//384 1151//384 1152//384
v -1.526274 0.093725 0.92 0.078431375 0.078431375 0.078431375
v -1.570294 0.2 0.9 0.078431375 0.078431375 0.078431375
v -1.570294 0.2 0.68 0.078431375 0.078431375 0.078431375
vn -0.92388105 -0.3826798 -5.91813e-09
f 1153//385 1154//385 1155//385
v -1.3 0 0.92 0.078431375 0.078431375 0.078431375
v -1.073725 0.093725 0.92 0.078431375 0.078431375 0.078431375
v -1.3 0.144 0.92 0.078431375 0.078431375 0.078431375
vn 0 0 1
f 1156//386 1157//386 1158//386
v -1.526274 0.093725 0.92 0.078431375 0.078431375 0.078431375
v -1.3 0 0.92 0.078431375 0.078431375 0.078431375
v -1.42445 0.195549 0.92 0.078431375 0.078431375 0.078431375
vn -0 0 1
f 1159//387 1160//387 1161//387
v -1.3 0 0.92 0.078431375 0.078431375 0.078431375
v -1.3 0.144 0.92 0.078431375 0.078431375 0.078431375
v -1.42445 0.195549 0.92 0.078431375 0.078431375 0.078431375
vn 0 -0 1
f 1162//388 1163//388 1164//388
v -1.3 0.144 0.92 0.078431375 0.078431375 0.078431375
v -1.073725 0.093725 0.92 0.078431375 0.078431375 0.078431375
v -1.175549 0.195549 0.92 0.078431375 0.078431375 0.078431375
vn -0 0 1
f 1165//389 1166//389 1167//389
v -1.3 0 0.92 0.078431375 0.078431375 0.078431375
v -1.3 0 0.68 0.078431375 0.078431375 0.078431375
v -1.073725 0.093725 0.92 0.078431375 0.078431375 0.078431375
vn 0.38267937 -0.9238812 0
f 1168//390 1169//390 1170//390
v -1.526274 0.093725 0.92 0.078431375 0.078431375 0.078431375
v -1.62 0.32 0.92 0.078431375 0.078431375 0.078431375
v -1.570294 0.2 0.9 0.078431375 0.078431375 0.078431375
vn -0.9237985 -0.38264933 -1.9803527e-05
f 1171//391 1172//391 1173//391
v -1.526274 0.093725 0.92 0.078431375 0.078431375 0.078431375
v -1.42445 0.195549 0.92 0.078431375 0.078431375 0.078431375
v -1.476 0.32 0.92 0.078431375 0.078431375 0.078431375
vn 0 0 1
f 1174//392 1175//392 1176//392
v -1.62 0.32 0.92 0.078431375 0.078431375 0.078431375
v -1.62 0.32 0.9 0.078431375 0.078431375 0.078431375
v -1.570294 0.2 0.9 0.078431375 0.078431375 0.078431375
vn -0.91488373 -0.37895998 -0
f 1177//393 1178//393 1179//393
v -1.526274 0.093725 0.92 0.078431375 0.078431375 0.078431375
v -1.526274 0.546274 0.92 0.078431375 0.078431375 0.078431375
v -1.62 0.32 0.92 0.078431375 0.078431375 0.078431375
vn 0 -0 1
f 1180//394 1181//394 1182//394
v -1.526274 0.093725 0.92 0.078431375 0.078431375 0.078431375
v -1.476 0.32 0.92 0.078431375 0.078431375 0.078431375
v -1.526274 0.546274 0.92 0.078431375 0.078431375 0.078431375
vn 0 0 1
f 1183//395 1184//395 1185//395
v -1.526274 0.093725 0.92 0.078431375 0.078431375 0.078431375
v -1.570294 0.2 0.68 0.078431375 0.078431375 0.078431375
v -1.526274 0.093725 0.68 0.078431375 0.078431375 0.078431375
vn -0.9238811 -0.38267982 -0
f 1186//396 1187//396 1188//396
v -1.526274 0.093725 0.68 0.078431375 0.078431375 0.078431375
v -1.570294 0.2 0.68 0.078431375 0.078431375 0.078431375
v -1.42445 0.195549 0.68 0.078431375 0.078431375 0.078431375
vn 0 0 -1
f 1189//397 1190//397 1191//397
v -1.3 0 0.92 0.078431375 0.078431375 0.078431375
v -1.526274 0.093725 0.68 0.078431375 0.078431375 0.078431375
v -1.3 0 0.68 0.078431375 0.078431375 0.078431375
vn -0.38268077 -0.92388064 -0
f 1192//398 1193//398 1194//398
v -1.526274 0.093725 0.68 0.078431375 0.078431375 0.078431375
v -1.3 0.144 0.68 0.078431375 0.078431375 0.078431375
v -1.3 0 0.68 0.078431375 0.078431375 0.078431375
vn 0 0 -0.99999994
f 1195//399 1196//399 1197//399
v -1.526274 0.093725 0.68 0.078431375 0.078431375 0.078431375
v -1.42445 0.195549 0.68 0.078431375 0.078431375 0.078431375
v -1.3 0.144 0.68 0.078431375 0.078431375 0.078431375
vn 0 0 -1
f 1198//400 1199//400 1200//400
v -1.3 0 0.68 0.078431375 0.078431375 0.078431375
v -1.3 0.144 0.68 0.078431375 0.078431375 0.078431375
v -1.175549 0.195549 0.68 0.078431375 0.078431375 0.078431375
vn 0 0 -1
f 1201//401 1202//401 1203//401
v -1.3 0 0.68 0.078431375 0.078431375 0.078431375
v -1.175549 0.195549 0.68 0.078431375 0.078431375 0.078431375
v -1.073725 0.093725 0.68 0.078431375 0.078431375 0.078431375
vn 0 0 -1
f 1204//402 1205//402 1206//402
v -1.42445 0.195549 0.68 0.078431375 0.078431375 0.078431375
v -1.570294 0.2 0.68 0.078431375 0.078431375 0.078431375
v -1.426294 0.2 0.68 0.078431375 0.078431375 0.078431375
vn 0 0 -0.5759147
f 1207//403 1208//403 1209//403
v -1.62 0.32 0.92 0.078431375 0.078431375 0.078431375
v -1.526274 0.546274 0.92 0.078431375 0.078431375 0.078431375
v -1.62 0.32 0.9 0.078431375 0.078431375 0.078431375
vn -0.9237979 0.38265073 0
f 1210//404 1211//404 1212//404
v -1.476 0.32 0.92 0.078431375 0.078431375 0.078431375
v -1.42445 0.44445 0.92 0.078431375 0.078431375 0.078431375
v -1.526274 0.546274 0.92 0.078431375 0.078431375 0.078431375
vn 0 -0 1
f 1213//405 1214//405 1215//405
v -1.526274 0.546274 0.92 0.078431375 0.078431375 0.078431375
v -1.526274 0.546274 0.9 0.078431375 0.078431375 0.078431375
v -1.62 0.32 0.9 0.078431375 0.078431375 0.078431375
vn -0.9237979 0.38265073 0
f 1216//406 1217//406 1218//406
v -1.42445 0.44445 0.92 0.078431375 0.078431375 0.078431375
v -1.3 0.496 0.92 0.078431375 0.078431375 0.078431375
v -1.526274 0.546274 0.92 0.078431375 0.078431375 0.078431375
vn 0 -0 1
f 1219//407 1220//407 1221//407
v -1.3 0.496 0.92 0.078431375 0.078431375 0.078431375
v -1.175549 0.44445 0.92 0.078431375 0.078431375 0.078431375
v -1.3 0.64 0.92 0.078431375 0.078431375 0.078431375
vn -0 0 1
f 1222//408 1223//408 1224//408
v -1.526274 0.546274 0.92 0.078431375 0.078431375 0.078431375
v -1.3 0.64 0.92 0.078431375 0.078431375 0.078431375
v -1.526274 0.546274 0.9 0.078431375 0.078431375 0.078431375
vn -0.38265052 0.923798 0
f 1225//409 1226//409 1227//409
v -1.3 0.496 0.92 0.078431375 0.078431375 0.078431375
v -1.3 0.64 0.92 0.078431375 0.078431375 0.078431375
v -1.526274 0.546274 0.92 0.078431375 0.078431375 0.078431375
vn 0 -0 0.99999994
f 1228//410 1229//410 1230//410
v -1.3 0.64 0.92 0.078431375 0.078431375 0.078431375
v -1.3 0.64 0.9 0.078431375 0.078431375 0.078431375
v -1.526274 0.546274 0.9 0.078431375 0.078431375 0.078431375
vn -0.38265052 0.923798 0
f 1231//411 1232//411 1233//411
v -1.175549 0.44445 0.92 0.078431375 0.078431375 0.078431375
v -1.073725 0.546274 0.92 0.078431375 0.078431375 0.078431375
v -1.3 0.64 0.92 0.078431375 0.078431375 0.078431375
vn 0 -0 1
f 1234//412 1235//412 1236//412
v -1.3 0.64 0.92 0.078431375 0.078431375 0.078431375
v -1.073725 0.546274 0.92 0.078431375 0.078431375 0.078431375
v -1.3 0.64 0.9 0.078431375 0.078431375 0.078431375
vn 0.38264912 0.92379856 0
f 1237//413 1238//413 1239//413
v -1.073725 0.093725 0.92 0.078431375 0.078431375 0.078431375
v -1.073725 0.093725 0.68 0.078431375 0.078431375 0.078431375
v -1.029705 0.2 0.9 0.078431375 0.078431375 0.078431375
vn 0.9238814 -0.3826789 0
f 1240//414 1241//414 1242//414
v -1.175549 0.195549 0.92 0.078431375 0.078431375 0.078431375
v -1.073725 0.093725 0.92 0.078431375 0.078431375 0.078431375
v -1.124 0.32 0.92 0.078431375 0.078431375 0.078431375
vn -0 0 1
f 1243//415 1244//415 1245//415
v -1.073725 0.093725 0.92 0.078431375 0.078431375 0.078431375
v -1.029705 0.2 0.9 0.078431375 0.078431375 0.078431375
v -0.98 0.32 0.9 0.078431375 0.078431375 0.078431375
vn 0.9148862 -0.37895367 -3.577913e-06
f 1246//416 1247//416 1248//416
v -1.073725 0.093725 0.92 0.078431375 0.078431375 0.078431375
v -0.98 0.32 0.9 0.078431375 0.078431375 0.078431375
v -0.98 0.32 0.92 0.078431375 0.078431375 0.078431375
vn 0.9238001 -0.38264558 -1.3841725e-07
f 1249//417 1250//417 1251//417
v -1.073725 0.093725 0.92 0.078431375 0.078431375 0.078431375
v -1.073725 0.546274 0.92 0.078431375 0.078431375 0.078431375
v -1.124 0.32 0.92 0.078431375 0.078431375 0.078431375
vn 0 -0 1
f 1252//418 1253//418 1254//418
v -1.073725 0.093725 0.92 0.078431375 0.078431375 0.078431375
v -0.98 0.32 0.92 0.078431375 0.078431375 0.078431375
v -1.073725 0.546274 0.92 0.078431375 0.078431375 0.078431375
vn 0 0 1
f 1255//419 1256//419 1257//419
v -1.3 0 0.68 0.078431375 0.078431375 0.078431375
v -1.073725 0.093725 0.68 0.078431375 0.078431375 0.078431375
v -1.073725 0.093725 0.92 0.078431375 0.078431375 0.078431375
vn 0.38267937 -0.9238812 -1.2356531e-08
f 1258//420 1259//420 1260//420
v -1.073725 0.093725 0.68 0.078431375 0.078431375 0.078431375
v -1.029705 0.2 0.68 0.078431375 0.078431375 0.078431375
v -1.029705 0.2 0.9 0.078431375 0.078431375 0.078431375
vn 0.9238814 -0.3826789 -8.684607e-09
f 1261//421 1262//421 1263//421
v -1.175549 0.195549 0.68 0.078431375 0.078431375 0.078431375
v -1.029705 0.2 0.68 0.078431375 0.078431375 0.078431375
v -1.073725 0.093725 0.68 0.078431375 0.078431375 0.078431375
vn 0 0 -1
f 1264//422 1265//422 1266//422
v -1.175549 0.195549 0.68 0.078431375 0.078431375 0.078431375
v -1.173705 0.2 0.68 0.078431375 0.078431375 0.078431375
v -1.029705 0.2 0.68 0.078431375 0.078431375 0.078431375
vn 0 0 -0.5759142
f 1267//423 1268//423 1269//423
v -0.98 0.32 0.92 0.078431375 0.078431375 0.078431375
v -0.98 0.32 0.9 0.078431375 0.078431375 0.078431375
v -1.073725 0.546274 0.9 0.078431375 0.078431375 0.078431375
vn 0.9237994 0.38264695 0
f 1270//424 1271//424 1272//424
v -1.175549 0.44445 0.92 0.078431375 0.078431375 0.078431375
v -1.124 0.32 0.92 0.078431375 0.078431375 0.078431375
v -1.073725 0.546274 0.92 0.078431375 0.078431375 0.078431375
vn -0 0 1
f 1273//425 1274//425 1275//425
v -0.98 0.32 0.92 0.078431375 0.078431375 0.078431375
v -1.073725 0.546274 0.9 0.078431375 0.078431375 0.078431375
v -1.073725 0.546274 0.92 0.078431375 0.078431375 0.078431375
vn 0.9237994 0.38264695 -4.666963e-08
f 1276//426 1277//426 1278//426
v -1.073725 0.546274 0.92 0.078431375 0.078431375 0.078431375
v -1.073725 0.546274 0.9 0.078431375 0.078431375 0.078431375
v -1.3 0.64 0.9 0.078431375 0.078431375 0.078431375
vn 0.38264912 0.92379856 0
f 1279//427 1280//427 1281//427
v 1.173725 0.093725 0.92 0.078431375 0.078431375 0.078431375
v 1.129705 0.2 0.9 0.078431375 0.078431375 0.078431375
v 1.129705 0.2 0.68 0.078431375 0.078431375 0.078431375
vn -0.92388105 -0.3826798 -5.91813e-09
f 1282//428 1283//428 1284//428
v 1.08 0.32 0.92 0.078431375 0.078431375 0.078431375
v 1.129705 0.2 0.9 0.078431375 0.078431375 0.078431375
v 1.173725 0.093725 0.92 0.078431375 0.078431375 0.078431375
vn -0.9238001 -0.38264558 3.4030656e-06
f 1285//429 1286//429 1287//429
v 1.08 0.32 0.92 0.078431375 0.078431375 0.078431375
v 1.08 0.32 0.9 0.078431375 0.078431375 0.078431375
v 1.129705 0.2 0.9 0.078431375 0.078431375 0.078431375
vn -0.9148865 -0.37895292 -0
f 1288//430 1289//430 1290//430
v 1.08 0.32 0.92 0.078431375 0.078431375 0.078431375
v 1.173725 0.093725 0.92 0.078431375 0.078431375 0.078431375
v 1.173725 0.546274 0.92 0.078431375 0.078431375 0.078431375
vn -0 0 1
f 1291//431 1292//431 1293//431
v 1.08 0.32 0.92 0.078431375 0.078431375 0.078431375
v 1.153708 0.497948 0.9 0.078431375 0.078431375 0.078431375
v 1.08 0.32 0.9 0.078431375 0.078431375 0.078431375
vn -0.9231884 0.38239434 0
f 1294//432 1295//432 1296//432
v 1.08 0.32 0.92 0.078431375 0.078431375 0.078431375
v 1.173725 0.546274 0.92 0.078431375 0.078431375 0.078431375
v 1.153708 0.497948 0.9 0.078431375 0.078431375 0.078431375
vn -0.9237994 0.38264695 -4.4161516e-06
f 1297//433 1298//433 1299//433
v 1.4 0 0.92 0.078431375 0.078431375 0.078431375
v 1.275549 0.195549 0.92 0.078431375 0.078431375 0.078431375
v 1.173725 0.093725 0.92 0.078431375 0.078431375 0.078431375
vn 0 0 1
f 1300//434 1301//434 1302//434
v 1.4 0 0.92 0.078431375 0.078431375 0.078431375
v 1.4 0.144 0.92 0.078431375 0.078431375 0.078431375
v 1.275549 0.195549 0.92 0.078431375 0.078431375 0.078431375
vn 0 -0 1
f 1303//435 1304//435 1305//435
v 1.4 0 0.92 0.078431375 0.078431375 0.078431375
v 1.173725 0.093725 0.92 0.078431375 0.078431375 0.078431375
v 1.173725 0.093725 0.68 0.078431375 0.078431375 0.078431375
vn -0.38267937 -0.9238812 1.2356531e-08
f 1306//436 1307//436 1308//436
v 1.4 0 0.92 0.078431375 0.078431375 0.078431375
v 1.626274 0.093725 0.92 0.078431375 0.078431375 0.078431375
v 1.4 0.144 0.92 0.078431375 0.078431375 0.078431375
vn 0 0 0.99999994
f 1309//437 1310//437 1311//437
v 1.4 0.144 0.92 0.078431375 0.078431375 0.078431375
v 1.626274 0.093725 0.92 0.078431375 0.078431375 0.078431375
v 1.52445 0.195549 0.92 0.078431375 0.078431375 0.078431375
vn -0 0 1
f 1312//438 1313//438 1314//438
v 1.4 0 0.92 0.078431375 0.078431375 0.078431375
v 1.4 0 0.68 0.078431375 0.078431375 0.078431375
v 1.626274 0.093725 0.92 0.078431375 0.078431375 0.078431375
vn 0.38268077 -0.92388064 0
f 1315//439 1316//439 1317//439
v 1.626274 0.093725 0.92 0.078431375 0.078431375 0.078431375
v 1.626274 0.093725 0.68 0.078431375 0.078431375 0.078431375
v 1.670294 0.2 0.9 0.078431375 0.078431375 0.078431375
vn 0.9238811 -0.38267982 0
f 1318//440 1319//440 1320//440
v 1.173725 0.093725 0.92 0.078431375 0.078431375 0.078431375
v 1.275549 0.195549 0.92 0.078431375 0.078431375 0.078431375
v 1.224 0.32 0.92 0.078431375 0.078431375 0.078431375
vn 0 0 1
f 1321//441 1322//441 1323//441
v 1.173725 0.093725 0.92 0.078431375 0.078431375 0.078431375
v 1.224 0.32 0.92 0.078431375 0.078431375 0.078431375
v 1.173725 0.546274 0.92 0.078431375 0.078431375 0.078431375
vn 0 0 1
f 1324//442 1325//442 1326//442
v 1.626274 0.093725 0.92 0.078431375 0.078431375 0.078431375
v 1.576 0.32 0.92 0.078431375 0.078431375 0.078431375
v 1.52445 0.195549 0.92 0.078431375 0.078431375 0.078431375
vn 0 0 1
f 1327//443 1328//443 1329//443
v 1.626274 0.093725 0.92 0.078431375 0.078431375 0.078431375
v 1.670294 0.2 0.9 0.078431375 0.078431375 0.078431375
v 1.72 0.32 0.92 0.078431375 0.078431375 0.078431375
vn 0.9237985 -0.38264933 -1.9677904e-05
f 1330//444 1331//444 1332//444
v 1.72 0.32 0.92 0.078431375 0.078431375 0.078431375
v 1.670294 0.2 0.9 0.078431375 0.078431375 0.078431375
v 1.72 0.32 0.9 0.078431375 0.078431375 0.078431375
vn 0.91488373 -0.37895998 0
f 1333//445 1334//445 1335//445
v 1.626274 0.093725 0.92 0.078431375 0.078431375 0.078431375
v 1.626274 0.546274 0.92 0.078431375 0.078431375 0.078431375
v 1.576 0.32 0.92 0.078431375 0.078431375 0.078431375
vn 0 -0 1
f 1336//446 1337//446 1338//446
v 1.626274 0.093725 0.92 0.078431375 0.078431375 0.078431375
v 1.72 0.32 0.92 0.078431375 0.078431375 0.078431375
v 1.626274 0.546274 0.92 0.078431375 0.078431375 0.078431375
vn 0 0 1
f 1339//447 1340//447 1341//447
v 1.72 0.32 0.92 0.078431375 0.078431375 0.078431375
v 1.72 0.32 0.9 0.078431375 0.078431375 0.078431375
v 1.681797 0.41223 0.9 0.078431375 0.078431375 0.078431375
vn 0.89342886 0.37007108 0
f 1342//448 1343//448 1344//448
v 1.4 0 0.92 0.078431375 0.078431375 0.078431375
v 1.173725 0.093725 0.68 0.078431375 0.078431375 0.078431375
v 1.4 0 0.68 0.078431375 0.078431375 0.078431375
vn -0.38267937 -0.9238812 -0
f 1345//449 1346//449 1347//449
v 1.4 0 0.68 0.078431375 0.078431375 0.078431375
v 1.173725 0.093725 0.68 0.078431375 0.078431375 0.078431375
v 1.4 0.144 0.68 0.078431375 0.078431375 0.078431375
vn 0 0 -1
f 1348//450 1349//450 1350//450
v 1.173725 0.093725 0.92 0.078431375 0.078431375 0.078431375
v 1.129705 0.2 0.68 0.078431375 0.078431375 0.078431375
v 1.173725 0.093725 0.68 0.078431375 0.078431375 0.078431375
vn -0.9238811 -0.38267982 -0
f 1351//451 1352//451 1353//451
v 1.173725 0.093725 0.68 0.078431375 0.078431375 0.078431375
v 1.129705 0.2 0.68 0.078431375 0.078431375 0.078431375
v 1.275549 0.195549 0.68 0.078431375 0.078431375 0.078431375
vn 0 0 -1
f 1354//452 1355//452 1356//452
v 1.173725 0.093725 0.68 0.078431375 0.078431375 0.078431375
v 1.275549 0.195549 0.68 0.078431375 0.078431375 0.078431375
v 1.4 0.144 0.68 0.078431375 0.078431375 0.078431375
vn 0 0 -1
f 1357//453 1358//453 1359//453
v 1.4 0 0.68 0.078431375 0.078431375 0.078431375
v 1.4 0.144 0.68 0.078431375 0.078431375 0.078431375
v 1.52445 0.195549 0.68 0.078431375 0.078431375 0.078431375
vn 0 0 -1
f 1360//454 1361//454 1362//454
v 1.626274 0.093725 0.92 0.078431375 0.078431375 0.078431375
v 1.4 0 0.68 0.078431375 0.078431375 0.078431375
v 1.626274 0.093725 0.68 0.078431375 0.078431375 0.078431375
vn 0.38268077 -0.92388064 0
f 1363//455 1364//455 1365//455
v 1.4 0 0.68 0.078431375 0.078431375 0.078431375
v 1.52445 0.195549 0.68 0.078431375 0.078431375 0.078431375
v 1.626274 0.093725 0.68 0.078431375 0.078431375 0.078431375
vn 0 0 -1
f 1366//456 1367//456 1368//456
v 1.626274 0.093725 0.68 0.078431375 0.078431375 0.078431375
v 1.670294 0.2 0.68 0.078431375 0.078431375 0.078431375
v 1.670294 0.2 0.9 0.078431375 0.078431375 0.078431375
vn 0.92388105 -0.3826798 5.91813e-09
f 1369//457 1370//457 1371//457
v 1.626274 0.093725 0.68 0.078431375 0.078431375 0.078431375
v 1.52445 0.195549 0.68 0.078431375 0.078431375 0.078431375
v 1.670294 0.2 0.68 0.078431375 0.078431375 0.078431375
vn 0 0 -1
f 1372//458 1373//458 1374//458
v 1.275549 0.195549 0.68 0.078431375 0.078431375 0.078431375
v 1.129705 0.2 0.68 0.078431375 0.078431375 0.078431375
v 1.273705 0.2 0.68 0.078431375 0.078431375 0.078431375
vn 0 0 -0.5759147
f 1375//459 1376//459 1377//459
v 1.52445 0.195549 0.68 0.078431375 0.078431375 0.078431375
v 1.526294 0.2 0.68 0.078431375 0.078431375 0.078431375
v 1.670294 0.2 0.68 0.078431375 0.078431375 0.078431375
vn 0 0 -0.5759147
f 1378//460 1379//460 1380//460
v 1.224 0.32 0.92 0.078431375 0.078431375 0.078431375
v 1.275549 0.44445 0.92 0.078431375 0.078431375 0.078431375
v 1.173725 0.546274 0.92 0.078431375 0.078431375 0.078431375
vn 0 -0 1
f 1381//461 1382//461 1383//461
v 1.173725 0.546274 0.92 0.078431375 0.078431375 0.078431375
v 1.173725 0.546274 0.89664 0.078431375 0.078431375 0.078431375
v 1.153708 0.497948 0.9 0.078431375 0.078431375 0.078431375
vn -0.7840325 0.32475266 0
f 1384//462 1385//462 1386//462
v 1.275549 0.44445 0.92 0.078431375 0.078431375 0.078431375
v 1.4 0.496 0.92 0.078431375 0.078431375 0.078431375
v 1.173725 0.546274 0.92 0.078431375 0.078431375 0.078431375
vn 0 -0 1
f 1387//463 1388//463 1389//463
v 1.4 0.496 0.92 0.078431375 0.078431375 0.078431375
v 1.52445 0.44445 0.92 0.078431375 0.078431375 0.078431375
v 1.4 0.64 0.92 0.078431375 0.078431375 0.078431375
vn -0 0 1
f 1390//464 1391//464 1392//464
v 1.576 0.32 0.92 0.078431375 0.078431375 0.078431375
v 1.626274 0.546274 0.92 0.078431375 0.078431375 0.078431375
v 1.52445 0.44445 0.92 0.078431375 0.078431375 0.078431375
vn 0 -0 1
f 1393//465 1394//465 1395//465
v 1.72 0.32 0.92 0.078431375 0.078431375 0.078431375
v 1.681797 0.41223 0.9 0.078431375 0.078431375 0.078431375
v 1.626274 0.546274 0.92 0.078431375 0.078431375 0.078431375
vn 0.9237979 0.38265073 1.7311669e-06
f 1396//466 1397//466 1398//466
v 1.626274 0.546274 0.92 0.078431375 0.078431375 0.078431375
v 1.681797 0.41223 0.9 0.078431375 0.078431375 0.078431375
v 1.626274 0.546274 0.891855 0.078431375 0.078431375 0.078431375
vn 0.923448 0.38250607 0
f 1399//467 1400//467 1401//467
v 1.173725 0.546274 0.92 0.078431375 0.078431375 0.078431375
v 1.4 0.64 0.92 0.078431375 0.078431375 0.078431375
v 1.173725 0.546274 0.89664 0.078431375 0.078431375 0.078431375
vn -0.38267657 0.9238648 0
f 1402//468 1403//468 1404//468
v 1.4 0.496 0.92 0.078431375 0.078431375 0.078431375
v 1.4 0.64 0.92 0.078431375 0.078431375 0.078431375
v 1.173725 0.546274 0.92 0.078431375 0.078431375 0.078431375
vn 0 -0 1
f 1405//469 1406//469 1407//469
v 1.4 0.64 0.92 0.078431375 0.078431375 0.078431375
v 1.4 0.64 0.888142 0.078431375 0.078431375 0.078431375
v 1.173725 0.546274 0.89664 0.078431375 0.078431375 0.078431375
vn -0.38268268 0.92387956 0
f 1408//470 1409//470 1410//470
v 1.52445 0.44445 0.92 0.078431375 0.078431375 0.078431375
v 1.626274 0.546274 0.92 0.078431375 0.078431375 0.078431375
v 1.4 0.64 0.92 0.078431375 0.078431375 0.078431375
vn 0 -0 1
f 1411//471 1412//471 1413//471
v 1.4 0.64 0.92 0.078431375 0.078431375 0.078431375
v 1.626274 0.546274 0.92 0.078431375 0.078431375 0.078431375
v 1.4 0.64 0.888142 0.078431375 0.078431375 0.078431375
vn 0.38268408 0.923879 0
f 1414//472 1415//472 1416//472
v 1.626274 0.546274 0.92 0.078431375 0.078431375 0.078431375
v 1.626274 0.546274 0.891855 0.078431375 0.078431375 0.078431375
v 1.4 0.64 0.888142 0.078431375 0.078431375 0.078431375
vn 0.3826836 0.92387795 0
f 1417//473 1418//473 1419//473
v 1.173725 0.093725 -0.68 0.078431375 0.078431375 0.078431375
v 1.129705 0.2 -0.68 0.078431375 0.078431375 0.078431375
v 1.129705 0.2 -0.9 0.078431375 0.078431375 0.078431375
vn -0.92388105 -0.3826798 -5.91813e-09
f 1420//474 1421//474 1422//474
v 1.08 0.32 -0.92 0.078431375 0.078431375 0.078431375
v 1.173725 0.093725 -0.92 0.078431375 0.078431375 0.078431375
v 1.129705 0.2 -0.9 0.078431375 0.078431375 0.078431375
vn -0.9238001 -0.38264558 -3.441859e-06
f 1423//475 1424//475 1425//475
v 1.08 0.32 -0.92 0.078431375 0.078431375 0.078431375
v 1.129705 0.2 -0.9 0.078431375 0.078431375 0.078431375
v 1.08 0.32 -0.9 0.078431375 0.078431375 0.078431375
vn -0.9148865 -0.37895292 0
f 1426//476 1427//476 1428//476
v 1.08 0.32 -0.92 0.078431375 0.078431375 0.078431375
v 1.173725 0.546274 -0.92 0.078431375 0.078431375 0.078431375
v 1.173725 0.093725 -0.92 0.078431375 0.078431375 0.078431375
vn 0 0 -1
f 1429//477 1430//477 1431//477
v 1.08 0.32 -0.92 0.078431375 0.078431375 0.078431375
v 1.08 0.32 -0.9 0.078431375 0.078431375 0.078431375
v 1.153708 0.497948 -0.9 0.078431375 0.078431375 0.078431375
vn -0.9231884 0.38239434 0
f 1432//478 1433//478 1434//478
v 1.08 0.32 -0.92 0.078431375 0.078431375 0.078431375
v 1.153708 0.497948 -0.9 0.078431375 0.078431375 0.078431375
v 1.173725 0.546274 -0.92 0.078431375 0.078431375 0.078431375
vn -0.9237994 0.38264695 4.4186463e-06
f 1435//479 1436//479 1437//479
v 1.4 0 -0.68 0.078431375 0.078431375 0.078431375
v 1.173725 0.093725 -0.68 0.078431375 0.078431375 0.078431375
v 1.173725 0.093725 -0.92 0.078431375 0.078431375 0.078431375
vn -0.38267937 -0.9238812 1.2356531e-08
f 1438//480 1439//480 1440//480
v 1.4 0 -0.68 0.078431375 0.078431375 0.078431375
v 1.275549 0.195549 -0.68 0.078431375 0.078431375 0.078431375
v 1.173725 0.093725 -0.68 0.078431375 0.078431375 0.078431375
vn 0 0 1
f 1441//481 1442//481 1443//481
v 1.173725 0.093725 -0.68 0.078431375 0.078431375 0.078431375
v 1.275549 0.195549 -0.68 0.078431375 0.078431375 0.078431375
v 1.129705 0.2 -0.68 0.078431375 0.078431375 0.078431375
vn 0 -0 1
f 1444//482 1445//482 1446//482
v 1.4 0 -0.68 0.078431375 0.078431375 0.078431375
v 1.4 0.144 -0.68 0.078431375 0.078431375 0.078431375
v 1.275549 0.195549 -0.68 0.078431375 0.078431375 0.078431375
vn 0 -0 1
f 1447//483 1448//483 1449//483
v 1.4 0 -0.68 0.078431375 0.078431375 0.078431375
v 1.626274 0.093725 -0.68 0.078431375 0.078431375 0.078431375
v 1.4 0.144 -0.68 0.078431375 0.078431375 0.078431375
vn 0 0 0.99999994
f 1450//484 1451//484 1452//484
v 1.4 0 -0.68 0.078431375 0.078431375 0.078431375
v 1.4 0 -0.92 0.078431375 0.078431375 0.078431375
v 1.626274 0.093725 -0.68 0.078431375 0.078431375 0.078431375
vn 0.38268077 -0.92388064 0
f 1453//485 1454//485 1455//485
v 1.4 0.144 -0.68 0.078431375 0.078431375 0.078431375
v 1.626274 0.093725 -0.68 0.078431375 0.078431375 0.078431375
v 1.52445 0.195549 -0.68 0.078431375 0.078431375 0.078431375
vn -0 0 1
f 1456//486 1457//486 1458//486
v 1.626274 0.093725 -0.68 0.078431375 0.078431375 0.078431375
v 1.670294 0.2 -0.68 0.078431375 0.078431375 0.078431375
v 1.52445 0.195549 -0.68 0.078431375 0.078431375 0.078431375
vn 0 -0 1
f 1459//487 1460//487 1461//487
v 1.626274 0.093725 -0.68 0.078431375 0.078431375 0.078431375
v 1.626274 0.093725 -0.92 0.078431375 0.078431375 0.078431375
v 1.670294 0.2 -0.68 0.078431375 0.078431375 0.078431375
vn 0.9238811 -0.38267982 0
f 1462//488 1463//488 1464//488
v 1.275549 0.195549 -0.68 0.078431375 0.078431375 0.078431375
v 1.273705 0.2 -0.68 0.078431375 0.078431375 0.078431375
v 1.129705 0.2 -0.68 0.078431375 0.078431375 0.078431375
vn 0 0 0.5759147
f 1465//489 1466//489 1467//489
v 1.52445 0.195549 -0.68 0.078431375 0.078431375 0.078431375
v 1.670294 0.2 -0.68 0.078431375 0.078431375 0.078431375
v 1.526294 0.2 -0.68 0.078431375 0.078431375 0.078431375
vn 0 0 0.5759147
f 1468//490 1469//490 1470//490
v 1.4 0 -0.68 0.078431375 0.078431375 0.078431375
v 1.173725 0.093725 -0.92 0.078431375 0.078431375 0.078431375
v 1.4 0 -0.92 0.078431375 0.078431375 0.078431375
vn -0.38267937 -0.9238812 -0
f 1471//491 1472//491 1473//491
v 1.173725 0.093725 -0.68 0.078431375 0.078431375 0.078431375
v 1.129705 0.2 -0.9 0.078431375 0.078431375 0.078431375
v 1.173725 0.093725 -0.92 0.078431375 0.078431375 0.078431375
vn -0.9238811 -0.38267982 -0
f 1474//492 1475//492 1476//492
v 1.4 0 -0.92 0.078431375 0.078431375 0.078431375
v 1.173725 0.093725 -0.92 0.078431375 0.078431375 0.078431375
v 1.4 0.144 -0.92 0.078431375 0.078431375 0.078431375
vn 0 0 -1
f 1477//493 1478//493 1479//493
v 1.173725 0.093725 -0.92 0.078431375 0.078431375 0.078431375
v 1.275549 0.195549 -0.92 0.078431375 0.078431375 0.078431375
v 1.4 0.144 -0.92 0.078431375 0.078431375 0.078431375
vn 0 0 -1
f 1480//494 1481//494 1482//494
v 1.4 0 -0.92 0.078431375 0.078431375 0.078431375
v 1.4 0.144 -0.92 0.078431375 0.078431375 0.078431375
v 1.52445 0.195549 -0.92 0.078431375 0.078431375 0.078431375
vn 0 0 -1
f 1483//495 1484//495 1485//495
v 1.626274 0.093725 -0.68 0.078431375 0.078431375 0.078431375
v 1.4 0 -0.92 0.078431375 0.078431375 0.078431375
v 1.626274 0.093725 -0.92 0.078431375 0.078431375 0.078431375
vn 0.38268077 -0.92388064 0
f 1486//496 1487//496 1488//496
v 1.626274 0.093725 -0.92 0.078431375 0.078431375 0.078431375
v 1.670294 0.2 -0.9 0.078431375 0.078431375 0.078431375
v 1.670294 0.2 -0.68 0.078431375 0.078431375 0.078431375
vn 0.92388105 -0.3826798 5.91813e-09
f 1489//497 1490//497 1491//497
v 1.4 0 -0.92 0.078431375 0.078431375 0.078431375
v 1.52445 0.195549 -0.92 0.078431375 0.078431375 0.078431375
v 1.626274 0.093725 -0.92 0.078431375 0.078431375 0.078431375
vn 0 0 -1
f 1492//498 1493//498 1494//498
v 1.173725 0.093725 -0.92 0.078431375 0.078431375 0.078431375
v 1.224 0.32 -0.92 0.078431375 0.078431375 0.078431375
v 1.275549 0.195549 -0.92 0.078431375 0.078431375 0.078431375
vn 0 0 -1
f 1495//499 1496//499 1497//499
v 1.173725 0.093725 -0.92 0.078431375 0.078431375 0.078431375
v 1.173725 0.546274 -0.92 0.078431375 0.078431375 0.078431375
v 1.224 0.32 -0.92 0.078431375 0.078431375 0.078431375
vn 0 0 -1
f 1498//500 1499//500 1500//500
v 1.626274 0.093725 -0.92 0.078431375 0.078431375 0.078431375
v 1.52445 0.195549 -0.92 0.078431375 0.078431375 0.078431375
v 1.576 0.32 -0.92 0.078431375 0.078431375 0.078431375
vn 0 0 -1
f 1501//501 1502//501 1503//501
v 1.626274 0.093725 -0.92 0.078431375 0.078431375 0.078431375
v 1.72 0.32 -0.92 0.078431375 0.078431375 0.078431375
v 1.670294 0.2 -0.9 0.078431375 0.078431375 0.078431375
vn 0.9237985 -0.38264933 1.9803527e-05
f 1504//502 1505//502 1506//502
v 1.72 0.32 -0.92 0.078431375 0.078431375 0.078431375
v 1.72 0.32 -0.9 0.078431375 0.078431375 0.078431375
v 1.670294 0.2 -0.9 0.078431375 0.078431375 0.078431375
vn 0.91488373 -0.37895998 0
f 1507//503 1508//503 1509//503
v 1.626274 0.093725 -0.92 0.078431375 0.078431375 0.078431375
v 1.576 0.32 -0.92 0.078431375 0.078431375 0.078431375
v 1.626274 0.546274 -0.92 0.078431375 0.078431375 0.078431375
vn 0 0 -1
f 1510//504 1511//504 1512//504
v 1.626274 0.093725 -0.92 0.078431375 0.078431375 0.078431375
v 1.626274 0.546274 -0.92 0.078431375 0.078431375 0.078431375
v 1.72 0.32 -0.92 0.078431375 0.078431375 0.078431375
vn 0 0 -1
f 1513//505 1514//505 1515//505
v 1.72 0.32 -0.92 0.078431375 0.078431375 0.078431375
v 1.681797 0.41223 -0.9 0.078431375 0.078431375 0.078431375
v 1.72 0.32 -0.9 0.078431375 0.078431375 0.078431375
vn 0.89342886 0.37007108 -0
f 1516//506 1517//506 1518//506
v 1.224 0.32 -0.92 0.078431375 0.078431375 0.078431375
v 1.173725 0.546274 -0.92 0.078431375 0.078431375 0.078431375
v 1.275549 0.44445 -0.92 0.078431375 0.078431375 0.078431375
vn 0 0 -1
f 1519//507 1520//507 1521//507
v 1.173725 0.546274 -0.92 0.078431375 0.078431375 0.078431375
v 1.153708 0.497948 -0.9 0.078431375 0.078431375 0.078431375
v 1.173725 0.546274 -0.89664 0.078431375 0.078431375 0.078431375
vn -0.7840325 0.32475266 0
f 1522//508 1523//508 1524//508
v 1.275549 0.44445 -0.92 0.078431375 0.078431375 0.078431375
v 1.4 0.64 -0.92 0.078431375 0.078431375 0.078431375
v 1.4 0.496 -0.92 0.078431375 0.078431375 0.078431375
vn 0 0 -1
f 1525//509 1526//509 1527//509
v 1.576 0.32 -0.92 0.078431375 0.078431375 0.078431375
v 1.52445 0.44445 -0.92 0.078431375 0.078431375 0.078431375
v 1.626274 0.546274 -0.92 0.078431375 0.078431375 0.078431375
vn 0 0 -1
f 1528//510 1529//510 1530//510
v 1.72 0.32 -0.92 0.078431375 0.078431375 0.078431375
v 1.626274 0.546274 -0.92 0.078431375 0.078431375 0.078431375
v 1.681797 0.41223 -0.9 0.078431375 0.078431375 0.078431375
vn 0.9237979 0.38265073 -1.6656923e-06
f 1531//511 1532//511 1533//511
v 1.4 0.496 -0.92 0.078431375 0.078431375 0.078431375
v 1.626274 0.546274 -0.92 0.078431375 0.078431375 0.078431375
v 1.52445 0.44445 -0.92 0.078431375 0.078431375 0.078431375
vn 0 0 -1
f 1534//512 1535//512 1536//512
v 1.626274 0.546274 -0.92 0.078431375 0.078431375 0.078431375
v 1.626274 0.546274 -0.891855 0.078431375 0.078431375 0.078431375
v 1.681797 0.41223 -0.9 0.078431375 0.078431375 0.078431375
vn 0.923448 0.38250607 -0
f 1537//513 1538//513 1539//513
v 1.275549 0.44445 -0.92 0.078431375 0.078431375 0.078431375
v 1.173725 0.546274 -0.92 0.078431375 0.078431375 0.078431375
v 1.4 0.64 -0.92 0.078431375 0.078431375 0.078431375
vn 0 0 -1
f 1540//514 1541//514 1542//514
v 1.173725 0.546274 -0.92 0.078431375 0.078431375 0.078431375
v 1.173725 0.546274 -0.89664 0.078431375 0.078431375 0.078431375
v 1.4 0.64 -0.888142 0.078431375 0.078431375 0.078431375
vn -0.38267657 0.9238648 0
f 1543//515 1544//515 1545//515
v 1.173725 0.546274 -0.92 0.078431375 0.078431375 0.078431375
v 1.4 0.64 -0.888142 0.078431375 0.078431375 0.078431375
v 1.4 0.64 -0.92 0.078431375 0.078431375 0.078431375
vn -0.38268268 0.92387956 1.0020762e-08
f 1546//516 1547//516 1548//516
v 1.4 0.496 -0.92 0.078431375 0.078431375 0.078431375
v 1.4 0.64 -0.92 0.078431375 0.078431375 0.078431375
v 1.626274 0.546274 -0.92 0.078431375 0.078431375 0.078431375
vn 0 0 -0.99999994
f 1549//517 1550//517 1551//517
v 1.4 0.64 -0.92 0.078431375 0.078431375 0.078431375
v 1.4 0.64 -0.888142 0.078431375 0.078431375 0.078431375
v 1.626274 0.546274 -0.891855 0.078431375 0.078431375 0.078431375
vn 0.38268408 0.923879 -0
f 1552//518 1553//518 1554//518
v 1.4 0.64 -0.92 0.078431375 0.078431375 0.078431375
v 1.626274 0.546274 -0.891855 0.078431375 0.078431375 0.078431375
v 1.626274 0.546274 -0.92 0.078431375 0.078431375 0.078431375
vn 0.3826836 0.92387795 -8.019517e-09
f 1555//519 1556//519 1557//519
v -1.3 0.144 -0.67 0.54901963 0.5568628 0.5764706
v -1.42445 0.195549 -0.68 0.54901963 0.5568628 0.5764706
v -1.3 0.144 -0.68 0.54901963 0.5568628 0.5764706
vn -0.3370717 -0.8137616 -0
f 1558//520 1559//520 1560//520
v -1.3 0.144 -0.67 0.54901963 0.5568628 0.5764706
v -1.3 0.144 -0.68 0.54901963 0.5568628 0.5764706
v -1.175549 0.195549 -0.67 0.54901963 0.5568628 0.5764706
vn 0.3370704 -0.81376404 0
f 1561//521 1562//521 1563//521
v -1.42445 0.195549 -0.67 0.54901963 0.5568628 0.5764706
v -1.426294 0.2 -0.67 0.54901963 0.5568628 0.5764706
v -1.426294 0.2 -0.68 0.54901963 0.5568628 0.5764706
vn -0.045541324 -0.018866515 4.2166354e-10
f 1564//522 1565//522 1566//522
v -1.42445 0.195549 -0.67 0.54901963 0.5568628 0.5764706
v -1.426294 0.2 -0.68 0.54901963 0.5568628 0.5764706
v -1.42445 0.195549 -0.68 0.54901963 0.5568628 0.5764706
vn -0.045541324 -0.018866515 -0
f 1567//523 1568//523 1569//523
v -1.3 0.144 -0.67 0.54901963 0.5568628 0.5764706
v -1.426294 0.2 -0.67 0.54901963 0.5568628 0.5764706
v -1.42445 0.195549 -0.67 0.54901963 0.5568628 0.5764706
vn 0 0 0.43810937
f 1570//524 1571//524 1572//524
v -1.3 0.144 -0.67 0.54901963 0.5568628 0.5764706
v -1.42445 0.195549 -0.67 0.54901963 0.5568628 0.5764706
v -1.42445 0.195549 -0.68 0.54901963 0.5568628 0.5764706
vn -0.3370717 -0.8137616 1.03387144e-07
f 1573//525 1574//525 1575//525
v -1.3 0.144 -0.67 0.54901963 0.5568628 0.5764706
v -1.175549 0.195549 -0.67 0.54901963 0.5568628 0.5764706
v -1.426294 0.2 -0.67 0.54901963 0.5568628 0.5764706
vn 0 -0 1
f 1576//526 1577//526 1578//526
v -1.175549 0.195549 -0.67 0.54901963 0.5568628 0.5764706
v -1.173705 0.2 -0.67 0.54901963 0.5568628 0.5764706
v -1.426294 0.2 -0.67 0.54901963 0.5568628 0.5764706
vn 0 -0 0.81817055
f 1579//527 1580//527 1581//527
v -1.3 0.144 -0.68 0.54901963 0.5568628 0.5764706
v -1.175549 0.195549 -0.68 0.54901963 0.5568628 0.5764706
v -1.175549 0.195549 -0.67 0.54901963 0.5568628 0.5764706
vn 0.3370704 -0.81376404 8.667116e-08
f 1582//528 1583//528 1584//528
v -1.175549 0.195549 -0.67 0.54901963 0.5568628 0.5764706
v -1.175549 0.195549 -0.68 0.54901963 0.5568628 0.5764706
v -1.173705 0.2 -0.67 0.54901963 0.5568628 0.5764706
vn 0.045541324 -0.018867735 0
f 1585//529 1586//529 1587//529
v -1.175549 0.195549 -0.68 0.54901963 0.5568628 0.5764706
v -1.173705 0.2 -0.68 0.54901963 0.5568628 0.5764706
v -1.173705 0.2 -0.67 0.54901963 0.5568628 0.5764706
vn 0.045541324 -0.018867735 1.3449612e-10
f 1588//530 1589//530 1590//530
v -1.3 0.144 -0.92 0.54901963 0.5568628 0.5764706
v -1.42445 0.195549 -0.93 0.54901963 0.5568628 0.5764706
v -1.3 0.144 -0.93 0.54901963 0.5568628 0.5764706
vn -0.3370717 -0.8137616 -0
f 1591//531 1592//531 1593//531
v -1.3 0.144 -0.92 0.54901963 0.5568628 0.5764706
v -1.3 0.144 -0.93 0.54901963 0.5568628 0.5764706
v -1.175549 0.195549 -0.92 0.54901963 0.5568628 0.5764706
vn 0.3370704 -0.81376404 0
f 1594//532 1595//532 1596//532
v -1.476 0.32 -0.92 0.54901963 0.5568628 0.5764706
v -1.476 0.32 -0.93 0.54901963 0.5568628 0.5764706
v -1.42445 0.195549 -0.92 0.54901963 0.5568628 0.5764706
vn -0.8137629 -0.33707568 -0
f 1597//533 1598//533 1599//533
v -1.3 0.144 -0.92 0.54901963 0.5568628 0.5764706
v -1.42445 0.195549 -0.92 0.54901963 0.5568628 0.5764706
v -1.42445 0.195549 -0.93 0.54901963 0.5568628 0.5764706
vn -0.3370717 -0.8137616 1.03387144e-07
f 1600//534 1601//534 1602//534
v -1.476 0.32 -0.93 0.54901963 0.5568628 0.5764706
v -1.42445 0.195549 -0.93 0.54901963 0.5568628 0.5764706
v -1.42445 0.195549 -0.92 0.54901963 0.5568628 0.5764706
vn -0.8137629 -0.33707568 -3.3024598e-08
f 1603//535 1604//535 1605//535
v -1.3 0.144 -0.93 0.54901963 0.5568628 0.5764706
v -1.175549 0.195549 -0.93 0.54901963 0.5568628 0.5764706
v -1.175549 0.195549 -0.92 0.54901963 0.5568628 0.5764706
vn 0.3370704 -0.81376404 8.667116e-08
f 1606//536 1607//536 1608//536
v -1.175549 0.195549 -0.92 0.54901963 0.5568628 0.5764706
v -1.175549 0.195549 -0.93 0.54901963 0.5568628 0.5764706
v -1.124 0.32 -0.92 0.54901963 0.5568628 0.5764706
vn 0.8137641 -0.33707076 0
f 1609//537 1610//537 1611//537
v -1.3 0.144 -0.93 0.54901963 0.5568628 0.5764706
v -1.175549 0.44445 -0.93 0.54901963 0.5568628 0.5764706
v -1.175549 0.195549 -0.93 0.54901963 0.5568628 0.5764706
vn 0 0 -0.99999994
f 1612//538 1613//538 1614//538
v -1.3 0.144 -0.93 0.54901963 0.5568628 0.5764706
v -1.42445 0.195549 -0.93 0.54901963 0.5568628 0.5764706
v -1.3 0.496 -0.93 0.54901963 0.5568628 0.5764706
vn 0 0 -1
f 1615//539 1616//539 1617//539
v -1.476 0.32 -0.93 0.54901963 0.5568628 0.5764706
v -1.42445 0.44445 -0.93 0.54901963 0.5568628 0.5764706
v -1.42445 0.195549 -0.93 0.54901963 0.5568628 0.5764706
vn 0 0 -1
f 1618//540 1619//540 1620//540
v -1.175549 0.195549 -0.93 0.54901963 0.5568628 0.5764706
v -1.175549 0.44445 -0.93 0.54901963 0.5568628 0.5764706
v -1.124 0.32 -0.93 0.54901963 0.5568628 0.5764706
vn 0 0 -1
f 1621//541 1622//541 1623//541
v -1.476 0.32 -0.92 0.54901963 0.5568628 0.5764706
v -1.42445 0.44445 -0.93 0.54901963 0.5568628 0.5764706
v -1.476 0.32 -0.93 0.54901963 0.5568628 0.5764706
vn -0.81375986 0.33707714 0
f 1624//542 1625//542 1626//542
v -1.42445 0.195549 -0.93 0.54901963 0.5568628 0.5764706
v -1.42445 0.44445 -0.93 0.54901963 0.5568628 0.5764706
v -1.3 0.496 -0.93 0.54901963 0.5568628 0.5764706
vn 0 0 -0.99999994
f 1627//543 1628//543 1629//543
v -1.476 0.32 -0.92 0.54901963 0.5568628 0.5764706
v -1.42445 0.44445 -0.92 0.54901963 0.5568628 0.5764706
v -1.42445 0.44445 -0.93 0.54901963 0.5568628 0.5764706
vn -0.81375986 0.33707714 -1.1221349e-07
f 1630//544 1631//544 1632//544
v -1.3 0.144 -0.93 0.54901963 0.5568628 0.5764706
v -1.3 0.496 -0.93 0.54901963 0.5568628 0.5764706
v -1.175549 0.44445 -0.93 0.54901963 0.5568628 0.5764706
vn 0 0 -1
f 1633//545 1634//545 1635//545
v -1.175549 0.44445 -0.92 0.54901963 0.5568628 0.5764706
v -1.124 0.32 -0.93 0.54901963 0.5568628 0.5764706
v -1.175549 0.44445 -0.93 0.54901963 0.5568628 0.5764706
vn 0.81376123 0.33707225 0
f 1636//546 1637//546 1638//546
v -1.42445 0.44445 -0.92 0.54901963 0.5568628 0.5764706
v -1.3 0.496 -0.93 0.54901963 0.5568628 0.5764706
v -1.42445 0.44445 -0.93 0.54901963 0.5568628 0.5764706
vn -0.33707753 0.81376 0
f 1639//547 1640//547 1641//547
v -1.42445 0.44445 -0.92 0.54901963 0.5568628 0.5764706
v -1.3 0.496 -0.92 0.54901963 0.5568628 0.5764706
v -1.3 0.496 -0.93 0.54901963 0.5568628 0.5764706
vn -0.33707753 0.81376 -4.8879656e-08
f 1642//548 1643//548 1644//548
v -1.3 0.496 -0.92 0.54901963 0.5568628 0.5764706
v -1.175549 0.44445 -0.93 0.54901963 0.5568628 0.5764706
v -1.3 0.496 -0.93 0.54901963 0.5568628 0.5764706
vn 0.3370763 0.81376255 0
f 1645//549 1646//549 1647//549
v -1.3 0.496 -0.92 0.54901963 0.5568628 0.5764706
v -1.175549 0.44445 -0.92 0.54901963 0.5568628 0.5764706
v -1.175549 0.44445 -0.93 0.54901963 0.5568628 0.5764706
vn 0.3370763 0.81376255 -1.4063332e-07
f 1648//550 1649//550 1650//550
v -1.175549 0.195549 -0.93 0.54901963 0.5568628 0.5764706
v -1.124 0.32 -0.93 0.54901963 0.5568628 0.5764706
v -1.124 0.32 -0.92 0.54901963 0.5568628 0.5764706
vn 0.8137641 -0.33707076 3.7953022e-08
f 1651//551 1652//551 1653//551
v -1.175549 0.44445 -0.92 0.54901963 0.5568628 0.5764706
v -1.124 0.32 -0.92 0.54901963 0.5568628 0.5764706
v -1.124 0.32 -0.93 0.54901963 0.5568628 0.5764706
vn 0.81376123 0.33707225 1.0783005e-07
f 1654//552 1655//552 1656//552
v -1.3 0.144 0.93 0.54901963 0.5568628 0.5764706
v -1.42445 0.195549 0.92 0.54901963 0.5568628 0.5764706
v -1.3 0.144 0.92 0.54901963 0.5568628 0.5764706
vn -0.3370717 -0.8137616 -0
f 1657//553 1658//553 1659//553
v -1.3 0.144 0.93 0.54901963 0.5568628 0.5764706
v -1.3 0.144 0.92 0.54901963 0.5568628 0.5764706
v -1.175549 0.195549 0.93 0.54901963 0.5568628 0.5764706
vn 0.3370704 -0.81376404 0
f 1660//554 1661//554 1662//554
v -1.476 0.32 0.93 0.54901963 0.5568628 0.5764706
v -1.476 0.32 0.92 0.54901963 0.5568628 0.5764706
v -1.42445 0.195549 0.93 0.54901963 0.5568628 0.5764706
vn -0.8137629 -0.33707568 -0
f 1663//555 1664//555 1665//555
v -1.3 0.144 0.93 0.54901963 0.5568628 0.5764706
v -1.42445 0.195549 0.93 0.54901963 0.5568628 0.5764706
v -1.42445 0.195549 0.92 0.54901963 0.5568628 0.5764706
vn -0.3370717 -0.8137616 1.03387144e-07
f 1666//556 1667//556 1668//556
v -1.3 0.144 0.93 0.54901963 0.5568628 0.5764706
v -1.42445 0.44445 0.93 0.54901963 0.5568628 0.5764706
v -1.42445 0.195549 0.93 0.54901963 0.5568628 0.5764706
vn 0 0 1
f 1669//557 1670//557 1671//557
v -1.476 0.32 0.92 0.54901963 0.5568628 0.5764706
v -1.42445 0.195549 0.92 0.54901963 0.5568628 0.5764706
v -1.42445 0.195549 0.93 0.54901963 0.5568628 0.5764706
vn -0.8137629 -0.33707568 -3.3024598e-08
f 1672//558 1673//558 1674//558
v -1.3 0.144 0.92 0.54901963 0.5568628 0.5764706
v -1.175549 0.195549 0.92 0.54901963 0.5568628 0.5764706
v -1.175549 0.195549 0.93 0.54901963 0.5568628 0.5764706
vn 0.3370704 -0.81376404 8.667116e-08
f 1675//559 1676//559 1677//559
v -1.175549 0.195549 0.93 0.54901963 0.5568628 0.5764706
v -1.175549 0.195549 0.92 0.54901963 0.5568628 0.5764706
v -1.124 0.32 0.93 0.54901963 0.5568628 0.5764706
vn 0.8137641 -0.33707076 0
f 1678//560 1679//560 1680//560
v -1.476 0.32 0.93 0.54901963 0.5568628 0.5764706
v -1.42445 0.195549 0.93 0.54901963 0.5568628 0.5764706
v -1.42445 0.44445 0.93 0.54901963 0.5568628 0.5764706
vn -0 0 0.99999994
f 1681//561 1682//561 1683//561
v -1.3 0.144 0.93 0.54901963 0.5568628 0.5764706
v -1.175549 0.195549 0.93 0.54901963 0.5568628 0.5764706
v -1.3 0.496 0.93 0.54901963 0.5568628 0.5764706
vn 0 0 1
f 1684//562 1685//562 1686//562
v -1.175549 0.195549 0.93 0.54901963 0.5568628 0.5764706
v -1.124 0.32 0.93 0.54901963 0.5568628 0.5764706
v -1.175549 0.44445 0.93 0.54901963 0.5568628 0.5764706
vn 0 0 1
f 1687//563 1688//563 1689//563
v -1.3 0.144 0.68 0.54901963 0.5568628 0.5764706
v -1.42445 0.195549 0.67 0.54901963 0.5568628 0.5764706
v -1.3 0.144 0.67 0.54901963 0.5568628 0.5764706
vn -0.3370717 -0.8137616 -0
f 1690//564 1691//564 1692//564
v -1.3 0.144 0.68 0.54901963 0.5568628 0.5764706
v -1.3 0.144 0.67 0.54901963 0.5568628 0.5764706
v -1.175549 0.195549 0.68 0.54901963 0.5568628 0.5764706
vn 0.3370704 -0.81376404 0
f 1693//565 1694//565 1695//565
v -1.42445 0.195549 0.68 0.54901963 0.5568628 0.5764706
v -1.426294 0.2 0.68 0.54901963 0.5568628 0.5764706
v -1.426294 0.2 0.67 0.54901963 0.5568628 0.5764706
vn -0.045541324 -0.018866515 4.2166354e-10
f 1696//566 1697//566 1698//566
v -1.42445 0.195549 0.68 0.54901963 0.5568628 0.5764706
v -1.426294 0.2 0.67 0.54901963 0.5568628 0.5764706
v -1.42445 0.195549 0.67 0.54901963 0.5568628 0.5764706
vn -0.045541324 -0.018866515 -0
f 1699//567 1700//567 1701//567
v -1.3 0.144 0.68 0.54901963 0.5568628 0.5764706
v -1.42445 0.195549 0.68 0.54901963 0.5568628 0.5764706
v -1.42445 0.195549 0.67 0.54901963 0.5568628 0.5764706
vn -0.3370717 -0.8137616 1.03387144e-07
f 1702//568 1703//568 1704//568
v -1.42445 0.195549 0.67 0.54901963 0.5568628 0.5764706
v -1.426294 0.2 0.67 0.54901963 0.5568628 0.5764706
v -1.173705 0.2 0.67 0.54901963 0.5568628 0.5764706
vn 0 0 -0.81817055
f 1705//569 1706//569 1707//569
v -1.3 0.144 0.67 0.54901963 0.5568628 0.5764706
v -1.42445 0.195549 0.67 0.54901963 0.5568628 0.5764706
v -1.173705 0.2 0.67 0.54901963 0.5568628 0.5764706
vn 0 0 -1
f 1708//570 1709//570 1710//570
v -1.3 0.144 0.67 0.54901963 0.5568628 0.5764706
v -1.175549 0.195549 0.67 0.54901963 0.5568628 0.5764706
v -1.175549 0.195549 0.68 0.54901963 0.5568628 0.5764706
vn 0.3370704 -0.81376404 8.667116e-08
f 1711//571 1712//571 1713//571
v -1.3 0.144 0.67 0.54901963 0.5568628 0.5764706
v -1.173705 0.2 0.67 0.54901963 0.5568628 0.5764706
v -1.175549 0.195549 0.67 0.54901963 0.5568628 0.5764706
vn 0 0 -0.43810725
f 1714//572 1715//572 1716//572
v -1.175549 0.195549 0.68 0.54901963 0.5568628 0.5764706
v -1.175549 0.195549 0.67 0.54901963 0.5568628 0.5764706
v -1.173705 0.2 0.68 0.54901963 0.5568628 0.5764706
vn 0.045541324 -0.018867735 0
f 1717//573 1718//573 1719//573
v -1.175549 0.195549 0.67 0.54901963 0.5568628 0.5764706
v -1.173705 0.2 0.67 0.54901963 0.5568628 0.5764706
v -1.173705 0.2 0.68 0.54901963 0.5568628 0.5764706
vn 0.045541324 -0.018867735 1.3449612e-10
f 1720//574 1721//574 1722//574
v -1.476 0.32 0.93 0.54901963 0.5568628 0.5764706
v -1.42445 0.44445 0.92 0.54901963 0.5568628 0.5764706
v -1.476 0.32 0.92 0.54901963 0.5568628 0.5764706
vn -0.81375986 0.33707714 0
f 1723//575 1724//575 1725//575
v -1.3 0.144 0.93 0.54901963 0.5568628 0.5764706
v -1.3 0.496 0.93 0.54901963 0.5568628 0.5764706
v -1.42445 0.44445 0.93 0.54901963 0.5568628 0.5764706
vn 0 -0 1
f 1726//576 1727//576 1728//576
v -1.476 0.32 0.93 0.54901963 0.5568628 0.5764706
v -1.42445 0.44445 0.93 0.54901963 0.5568628 0.5764706
v -1.42445 0.44445 0.92 0.54901963 0.5568628 0.5764706
vn -0.81375986 0.33707714 -1.1221349e-07
f 1729//577 1730//577 1731//577
v -1.175549 0.195549 0.93 0.54901963 0.5568628 0.5764706
v -1.175549 0.44445 0.93 0.54901963 0.5568628 0.5764706
v -1.3 0.496 0.93 0.54901963 0.5568628 0.5764706
vn 0 -0 0.99999994
f 1732//578 1733//578 1734//578
v -1.175549 0.44445 0.93 0.54901963 0.5568628 0.5764706
v -1.124 0.32 0.92 0.54901963 0.5568628 0.5764706
v -1.175549 0.44445 0.92 0.54901963 0.5568628 0.5764706
vn 0.81376123 0.33707225 0
f 1735//579 1736//579 1737//579
v -1.42445 0.44445 0.93 0.54901963 0.5568628 0.5764706
v -1.3 0.496 0.92 0.54901963 0.5568628 0.5764706
v -1.42445 0.44445 0.92 0.54901963 0.5568628 0.5764706
vn -0.33707753 0.81376 0
f 1738//580 1739//580 1740//580
v -1.42445 0.44445 0.93 0.54901963 0.5568628 0.5764706
v -1.3 0.496 0.93 0.54901963 0.5568628 0.5764706
v -1.3 0.496 0.92 0.54901963 0.5568628 0.5764706
vn -0.33707753 0.81376 -4.8879656e-08
f 1741//581 1742//581 1743//581
v -1.3 0.496 0.93 0.54901963 0.5568628 0.5764706
v -1.175549 0.44445 0.92 0.54901963 0.5568628 0.5764706
v -1.3 0.496 0.92 0.54901963 0.5568628 0.5764706
vn 0.3370763 0.81376255 0
f 1744//582 1745//582 1746//582
v -1.3 0.496 0.93 0.54901963 0.5568628 0.5764706
v -1.175549 0.44445 0.93 0.54901963 0.5568628 0.5764706
v -1.175549 0.44445 0.92 0.54901963 0.5568628 0.5764706
vn 0.3370763 0.81376255 -1.4063332e-07
f 1747//583 1748//583 1749//583
v -1.175549 0.195549 0.92 0.54901963 0.5568628 0.5764706
v -1.124 0.32 0.92 0.54901963 0.5568628 0.5764706
v -1.124 0.32 0.93 0.54901963 0.5568628 0.5764706
vn 0.8137641 -0.33707076 3.7953022e-08
f 1750//584 1751//584 1752//584
v -1.175549 0.44445 0.93 0.54901963 0.5568628 0.5764706
v -1.124 0.32 0.93 0.54901963 0.5568628 0.5764706
v -1.124 0.32 0.92 0.54901963 0.5568628 0.5764706
vn 0.81376123 0.33707225 1.0783005e-07
f 1753//585 1754//585 1755//585
v 1.4 0.144 0.93 0.54901963 0.5568628 0.5764706
v 1.275549 0.195549 0.92 0.54901963 0.5568628 0.5764706
v 1.4 0.144 0.92 0.54901963 0.5568628 0.5764706
vn -0.3370704 -0.81376404 -0
f 1756//586 1757//586 1758//586
v 1.4 0.144 0.93 0.54901963 0.5568628 0.5764706
v 1.4 0.144 0.92 0.54901963 0.5568628 0.5764706
v 1.52445 0.195549 0.93 0.54901963 0.5568628 0.5764706
vn 0.33707184 -0.81376123 0
f 1759//587 1760//587 1761//587
v 1.275549 0.195549 0.93 0.54901963 0.5568628 0.5764706
v 1.224 0.32 0.92 0.54901963 0.5568628 0.5764706
v 1.275549 0.195549 0.92 0.54901963 0.5568628 0.5764706
vn -0.8137641 -0.33707076 -0
f 1762//588 1763//588 1764//588
v 1.4 0.144 0.93 0.54901963 0.5568628 0.5764706
v 1.275549 0.195549 0.93 0.54901963 0.5568628 0.5764706
v 1.275549 0.195549 0.92 0.54901963 0.5568628 0.5764706
vn -0.3370704 -0.81376404 -8.667116e-08
f 1765//589 1766//589 1767//589
v 1.4 0.144 0.93 0.54901963 0.5568628 0.5764706
v 1.275549 0.44445 0.93 0.54901963 0.5568628 0.5764706
v 1.275549 0.195549 0.93 0.54901963 0.5568628 0.5764706
vn 0 0 0.99999994
f 1768//590 1769//590 1770//590
v 1.275549 0.195549 0.93 0.54901963 0.5568628 0.5764706
v 1.224 0.32 0.93 0.54901963 0.5568628 0.5764706
v 1.224 0.32 0.92 0.54901963 0.5568628 0.5764706
vn -0.8137641 -0.33707076 -3.7953022e-08
f 1771//591 1772//591 1773//591
v 1.275549 0.195549 0.93 0.54901963 0.5568628 0.5764706
v 1.275549 0.44445 0.93 0.54901963 0.5568628 0.5764706
v 1.224 0.32 0.93 0.54901963 0.5568628 0.5764706
vn 0 -0 1
f 1774//592 1775//592 1776//592
v 1.4 0.144 0.93 0.54901963 0.5568628 0.5764706
v 1.52445 0.195549 0.93 0.54901963 0.5568628 0.5764706
v 1.4 0.496 0.93 0.54901963 0.5568628 0.5764706
vn 0 0 1
f 1777//593 1778//593 1779//593
v 1.4 0.144 0.92 0.54901963 0.5568628 0.5764706
v 1.52445 0.195549 0.92 0.54901963 0.5568628 0.5764706
v 1.52445 0.195549 0.93 0.54901963 0.5568628 0.5764706
vn 0.33707184 -0.81376123 -4.3541352e-08
f 1780//594 1781//594 1782//594
v 1.52445 0.195549 0.93 0.54901963 0.5568628 0.5764706
v 1.52445 0.195549 0.92 0.54901963 0.5568628 0.5764706
v 1.576 0.32 0.93 0.54901963 0.5568628 0.5764706
vn 0.81376266 -0.33707637 0
f 1783//595 1784//595 1785//595
v 1.52445 0.195549 0.92 0.54901963 0.5568628 0.5764706
v 1.576 0.32 0.92 0.54901963 0.5568628 0.5764706
v 1.576 0.32 0.93 0.54901963 0.5568628 0.5764706
vn 0.81376266 -0.33707637 7.58188e-08
f 1786//596 1787//596 1788//596
v 1.52445 0.195549 0.93 0.54901963 0.5568628 0.5764706
v 1.576 0.32 0.93 0.54901963 0.5568628 0.5764706
v 1.52445 0.44445 0.93 0.54901963 0.5568628 0.5764706
vn 0 0 1
f 1789//597 1790//597 1791//597
v 1.4 0.144 0.68 0.54901963 0.5568628 0.5764706
v 1.275549 0.195549 0.67 0.54901963 0.5568628 0.5764706
v 1.4 0.144 0.67 0.54901963 0.5568628 0.5764706
vn -0.3370704 -0.81376404 -0
f 1792//598 1793//598 1794//598
v 1.4 0.144 0.68 0.54901963 0.5568628 0.5764706
v 1.4 0.144 0.67 0.54901963 0.5568628 0.5764706
v 1.52445 0.195549 0.68 0.54901963 0.5568628 0.5764706
vn 0.33707184 -0.81376123 0
f 1795//599 1796//599 1797//599
v 1.275549 0.195549 0.68 0.54901963 0.5568628 0.5764706
v 1.273705 0.2 0.68 0.54901963 0.5568628 0.5764706
v 1.273705 0.2 0.67 0.54901963 0.5568628 0.5764706
vn -0.045541324 -0.018867735 -1.3449612e-10
f 1798//600 1799//600 1800//600
v 1.275549 0.195549 0.68 0.54901963 0.5568628 0.5764706
v 1.273705 0.2 0.67 0.54901963 0.5568628 0.5764706
v 1.275549 0.195549 0.67 0.54901963 0.5568628 0.5764706
vn -0.045541324 -0.018867735 -0
f 1801//601 1802//601 1803//601
v 1.4 0.144 0.68 0.54901963 0.5568628 0.5764706
v 1.275549 0.195549 0.68 0.54901963 0.5568628 0.5764706
v 1.275549 0.195549 0.67 0.54901963 0.5568628 0.5764706
vn -0.3370704 -0.81376404 -8.667116e-08
f 1804//602 1805//602 1806//602
v 1.275549 0.195549 0.67 0.54901963 0.5568628 0.5764706
v 1.273705 0.2 0.67 0.54901963 0.5568628 0.5764706
v 1.526294 0.2 0.67 0.54901963 0.5568628 0.5764706
vn 0 0 -0.81817055
f 1807//603 1808//603 1809//603
v 1.4 0.144 0.67 0.54901963 0.5568628 0.5764706
v 1.275549 0.195549 0.67 0.54901963 0.5568628 0.5764706
v 1.526294 0.2 0.67 0.54901963 0.5568628 0.5764706
vn 0 0 -1
f 1810//604 1811//604 1812//604
v 1.4 0.144 0.67 0.54901963 0.5568628 0.5764706
v 1.52445 0.195549 0.67 0.54901963 0.5568628 0.5764706
v 1.52445 0.195549 0.68 0.54901963 0.5568628 0.5764706
vn 0.33707184 -0.81376123 -4.3541352e-08
f 1813//605 1814//605 1815//605
v 1.4 0.144 0.67 0.54901963 0.5568628 0.5764706
v 1.526294 0.2 0.67 0.54901963 0.5568628 0.5764706
v 1.52445 0.195549 0.67 0.54901963 0.5568628 0.5764706
vn 0 0 -0.43810385
f 1816//606 1817//606 1818//606
v 1.52445 0.195549 0.68 0.54901963 0.5568628 0.5764706
v 1.52445 0.195549 0.67 0.54901963 0.5568628 0.5764706
v 1.526294 0.2 0.68 0.54901963 0.5568628 0.5764706
vn 0.045541324 -0.018867735 0
f 1819//607 1820//607 1821//607
v 1.52445 0.195549 0.67 0.54901963 0.5568628 0.5764706
v 1.526294 0.2 0.67 0.54901963 0.5568628 0.5764706
v 1.526294 0.2 0.68 0.54901963 0.5568628 0.5764706
vn 0.045541324 -0.018867735 1.3449612e-10
f 1822//608 1823//608 1824//608
v 1.224 0.32 0.93 0.54901963 0.5568628 0.5764706
v 1.275549 0.44445 0.92 0.54901963 0.5568628 0.5764706
v 1.224 0.32 0.92 0.54901963 0.5568628 0.5764706
vn -0.81376123 0.33707225 0
f 1825//609 1826//609 1827//609
v 1.224 0.32 0.93 0.54901963 0.5568628 0.5764706
v 1.275549 0.44445 0.93 0.54901963 0.5568628 0.5764706
v 1.275549 0.44445 0.92 0.54901963 0.5568628 0.5764706
vn -0.81376123 0.33707225 -1.0783005e-07
f 1828//610 1829//610 1830//610
v 1.4 0.144 0.93 0.54901963 0.5568628 0.5764706
v 1.4 0.496 0.93 0.54901963 0.5568628 0.5764706
v 1.275549 0.44445 0.93 0.54901963 0.5568628 0.5764706
vn 0 -0 1
f 1831//611 1832//611 1833//611
v 1.275549 0.44445 0.93 0.54901963 0.5568628 0.5764706
v 1.4 0.496 0.93 0.54901963 0.5568628 0.5764706
v 1.4 0.496 0.92 0.54901963 0.5568628 0.5764706
vn -0.3370763 0.81376255 1.4063332e-07
f 1834//612 1835//612 1836//612
v 1.275549 0.44445 0.93 0.54901963 0.5568628 0.5764706
v 1.4 0.496 0.92 0.54901963 0.5568628 0.5764706
v 1.275549 0.44445 0.92 0.54901963 0.5568628 0.5764706
vn -0.3370763 0.81376255 0
f 1837//613 1838//613 1839//613
v 1.4 0.496 0.93 0.54901963 0.5568628 0.5764706
v 1.52445 0.44445 0.92 0.54901963 0.5568628 0.5764706
v 1.4 0.496 0.92 0.54901963 0.5568628 0.5764706
vn 0.3370777 0.8137597 0
f 1840//614 1841//614 1842//614
v 1.52445 0.195549 0.93 0.54901963 0.5568628 0.5764706
v 1.52445 0.44445 0.93 0.54901963 0.5568628 0.5764706
v 1.4 0.496 0.93 0.54901963 0.5568628 0.5764706
vn 0 -0 1
f 1843//615 1844//615 1845//615
v 1.576 0.32 0.93 0.54901963 0.5568628 0.5764706
v 1.576 0.32 0.92 0.54901963 0.5568628 0.5764706
v 1.52445 0.44445 0.93 0.54901963 0.5568628 0.5764706
vn 0.8137597 0.33707783 0
f 1846//616 1847//616 1848//616
v 1.576 0.32 0.92 0.54901963 0.5568628 0.5764706
v 1.52445 0.44445 0.92 0.54901963 0.5568628 0.5764706
v 1.52445 0.44445 0.93 0.54901963 0.5568628 0.5764706
vn 0.8137597 0.33707783 6.9341255e-08
f 1849//617 1850//617 1851//617
v 1.4 0.496 0.93 0.54901963 0.5568628 0.5764706
v 1.52445 0.44445 0.93 0.54901963 0.5568628 0.5764706
v 1.52445 0.44445 0.92 0.54901963 0.5568628 0.5764706
vn 0.3370777 0.8137597 -1.1043867e-08
f 1852//618 1853//618 1854//618
v 1.4 0.144 -0.67 0.54901963 0.5568628 0.5764706
v 1.275549 0.195549 -0.68 0.54901963 0.5568628 0.5764706
v 1.4 0.144 -0.68 0.54901963 0.5568628 0.5764706
vn -0.3370704 -0.81376404 -0
f 1855//619 1856//619 1857//619
v 1.4 0.144 -0.67 0.54901963 0.5568628 0.5764706
v 1.4 0.144 -0.68 0.54901963 0.5568628 0.5764706
v 1.52445 0.195549 -0.67 0.54901963 0.5568628 0.5764706
vn 0.33707184 -0.81376123 0
f 1858//620 1859//620 1860//620
v 1.275549 0.195549 -0.67 0.54901963 0.5568628 0.5764706
v 1.273705 0.2 -0.67 0.54901963 0.5568628 0.5764706
v 1.273705 0.2 -0.68 0.54901963 0.5568628 0.5764706
vn -0.045541324 -0.018867735 -1.3449612e-10
f 1861//621 1862//621 1863//621
v 1.275549 0.195549 -0.67 0.54901963 0.5568628 0.5764706
v 1.273705 0.2 -0.68 0.54901963 0.5568628 0.5764706
v 1.275549 0.195549 -0.68 0.54901963 0.5568628 0.5764706
vn -0.045541324 -0.018867735 -0
f 1864//622 1865//622 1866//622
v 1.4 0.144 -0.67 0.54901963 0.5568628 0.5764706
v 1.273705 0.2 -0.67 0.54901963 0.5568628 0.5764706
v 1.275549 0.195549 -0.67 0.54901963 0.5568628 0.5764706
vn 0 0 0.43810725
f 1867//623 1868//623 1869//623
v 1.4 0.144 -0.67 0.54901963 0.5568628 0.5764706
v 1.275549 0.195549 -0.67 0.54901963 0.5568628 0.5764706
v 1.275549 0.195549 -0.68 0.54901963 0.5568628 0.5764706
vn -0.3370704 -0.81376404 -8.667116e-08
f 1870//624 1871//624 1872//624
v 1.4 0.144 -0.67 0.54901963 0.5568628 0.5764706
v 1.52445 0.195549 -0.67 0.54901963 0.5568628 0.5764706
v 1.273705 0.2 -0.67 0.54901963 0.5568628 0.5764706
vn 0 -0 1
f 1873//625 1874//625 1875//625
v 1.52445 0.195549 -0.67 0.54901963 0.5568628 0.5764706
v 1.526294 0.2 -0.67 0.54901963 0.5568628 0.5764706
v 1.273705 0.2 -0.67 0.54901963 0.5568628 0.5764706
vn 0 -0 0.81817055
f 1876//626 1877//626 1878//626
v 1.4 0.144 -0.68 0.54901963 0.5568628 0.5764706
v 1.52445 0.195549 -0.68 0.54901963 0.5568628 0.5764706
v 1.52445 0.195549 -0.67 0.54901963 0.5568628 0.5764706
vn 0.33707184 -0.81376123 -4.3541352e-08
f 1879//627 1880//627 1881//627
v 1.52445 0.195549 -0.67 0.54901963 0.5568628 0.5764706
v 1.52445 0.195549 -0.68 0.54901963 0.5568628 0.5764706
v 1.526294 0.2 -0.67 0.54901963 0.5568628 0.5764706
vn 0.045541324 -0.018867735 0
f 1882//628 1883//628 1884//628
v 1.52445 0.195549 -0.68 0.54901963 0.5568628 0.5764706
v 1.526294 0.2 -0.68 0.54901963 0.5568628 0.5764706
v 1.526294 0.2 -0.67 0.54901963 0.5568628 0.5764706
vn 0.045541324 -0.018867735 1.3449612e-10
f 1885//629 1886//629 1887//629
v 1.4 0.144 -0.92 0.54901963 0.5568628 0.5764706
v 1.275549 0.195549 -0.93 0.54901963 0.5568628 0.5764706
v 1.4 0.144 -0.93 0.54901963 0.5568628 0.5764706
vn -0.3370704 -0.81376404 -0
f 1888//630 1889//630 1890//630
v 1.4 0.144 -0.92 0.54901963 0.5568628 0.5764706
v 1.4 0.144 -0.93 0.54901963 0.5568628 0.5764706
v 1.52445 0.195549 -0.92 0.54901963 0.5568628 0.5764706
vn 0.33707184 -0.81376123 0
f 1891//631 1892//631 1893//631
v 1.275549 0.195549 -0.92 0.54901963 0.5568628 0.5764706
v 1.224 0.32 -0.93 0.54901963 0.5568628 0.5764706
v 1.275549 0.195549 -0.93 0.54901963 0.5568628 0.5764706
vn -0.8137641 -0.33707076 -0
f 1894//632 1895//632 1896//632
v 1.4 0.144 -0.92 0.54901963 0.5568628 0.5764706
v 1.275549 0.195549 -0.92 0.54901963 0.5568628 0.5764706
v 1.275549 0.195549 -0.93 0.54901963 0.5568628 0.5764706
vn -0.3370704 -0.81376404 -8.667116e-08
f 1897//633 1898//633 1899//633
v 1.275549 0.195549 -0.92 0.54901963 0.5568628 0.5764706
v 1.224 0.32 -0.92 0.54901963 0.5568628 0.5764706
v 1.224 0.32 -0.93 0.54901963 0.5568628 0.5764706
vn -0.8137641 -0.33707076 -3.7953022e-08
f 1900//634 1901//634 1902//634
v 1.275549 0.195549 -0.93 0.54901963 0.5568628 0.5764706
v 1.224 0.32 -0.93 0.54901963 0.5568628 0.5764706
v 1.275549 0.44445 -0.93 0.54901963 0.5568628 0.5764706
vn 0 0 -1
f 1903//635 1904//635 1905//635
v 1.4 0.144 -0.93 0.54901963 0.5568628 0.5764706
v 1.275549 0.195549 -0.93 0.54901963 0.5568628 0.5764706
v 1.4 0.496 -0.93 0.54901963 0.5568628 0.5764706
vn 0 0 -1
f 1906//636 1907//636 1908//636
v 1.4 0.144 -0.93 0.54901963 0.5568628 0.5764706
v 1.52445 0.195549 -0.93 0.54901963 0.5568628 0.5764706
v 1.52445 0.195549 -0.92 0.54901963 0.5568628 0.5764706
vn 0.33707184 -0.81376123 -4.3541352e-08
f 1909//637 1910//637 1911//637
v 1.4 0.144 -0.93 0.54901963 0.5568628 0.5764706
v 1.52445 0.44445 -0.93 0.54901963 0.5568628 0.5764706
v 1.52445 0.195549 -0.93 0.54901963 0.5568628 0.5764706
vn 0 0 -1
f 1912//638 1913//638 1914//638
v 1.52445 0.195549 -0.92 0.54901963 0.5568628 0.5764706
v 1.52445 0.195549 -0.93 0.54901963 0.5568628 0.5764706
v 1.576 0.32 -0.92 0.54901963 0.5568628 0.5764706
vn 0.81376266 -0.33707637 0
f 1915//639 1916//639 1917//639
v 1.52445 0.195549 -0.93 0.54901963 0.5568628 0.5764706
v 1.576 0.32 -0.93 0.54901963 0.5568628 0.5764706
v 1.576 0.32 -0.92 0.54901963 0.5568628 0.5764706
vn 0.81376266 -0.33707637 7.58188e-08
f 1918//640 1919//640 1920//640
v 1.52445 0.195549 -0.93 0.54901963 0.5568628 0.5764706
v 1.52445 0.44445 -0.93 0.54901963 0.5568628 0.5764706
v 1.576 0.32 -0.93 0.54901963 0.5568628 0.5764706
vn 0 0 -1
f 1921//641 1922//641 1923//641
v 1.224 0.32 -0.92 0.54901963 0.5568628 0.5764706
v 1.275549 0.44445 -0.93 0.54901963 0.5568628 0.5764706
v 1.224 0.32 -0.93 0.54901963 0.5568628 0.5764706
vn -0.81376123 0.33707225 0
f 1924//642 1925//642 1926//642
v 1.224 0.32 -0.92 0.54901963 0.5568628 0.5764706
v 1.275549 0.44445 -0.92 0.54901963 0.5568628 0.5764706
v 1.275549 0.44445 -0.93 0.54901963 0.5568628 0.5764706
vn -0.81376123 0.33707225 -1.0783005e-07
f 1927//643 1928//643 1929//643
v 1.275549 0.195549 -0.93 0.54901963 0.5568628 0.5764706
v 1.275549 0.44445 -0.93 0.54901963 0.5568628 0.5764706
v 1.4 0.496 -0.93 0.54901963 0.5568628 0.5764706
vn 0 0 -0.99999994
f 1930//644 1931//644 1932//644
v 1.4 0.144 -0.93 0.54901963 0.5568628 0.5764706
v 1.4 0.496 -0.93 0.54901963 0.5568628 0.5764706
v 1.52445 0.44445 -0.93 0.54901963 0.5568628 0.5764706
vn 0 0 -1
f 1933//645 1934//645 1935//645
v 1.275549 0.44445 -0.92 0.54901963 0.5568628 0.5764706
v 1.4 0.496 -0.92 0.54901963 0.5568628 0.5764706
v 1.4 0.496 -0.93 0.54901963 0.5568628 0.5764706
vn -0.3370763 0.81376255 1.4063332e-07
f 1936//646 1937//646 1938//646
v 1.275549 0.44445 -0.92 0.54901963 0.5568628 0.5764706
v 1.4 0.496 -0.93 0.54901963 0.5568628 0.5764706
v 1.275549 0.44445 -0.93 0.54901963 0.5568628 0.5764706
vn -0.3370763 0.81376255 0
f 1939//647 1940//647 1941//647
v 1.4 0.496 -0.92 0.54901963 0.5568628 0.5764706
v 1.52445 0.44445 -0.93 0.54901963 0.5568628 0.5764706
v 1.4 0.496 -0.93 0.54901963 0.5568628 0.5764706
vn 0.3370777 0.8137597 0
f 1942//648 1943//648 1944//648
v 1.576 0.32 -0.92 0.54901963 0.5568628 0.5764706
v 1.576 0.32 -0.93 0.54901963 0.5568628 0.5764706
v 1.52445 0.44445 -0.92 0.54901963 0.5568628 0.5764706
vn 0.8137597 0.33707783 0
f 1945//649 1946//649 1947//649
v 1.576 0.32 -0.93 0.54901963 0.5568628 0.5764706
v 1.52445 0.44445 -0.93 0.54901963 0.5568628 0.5764706
v 1.52445 0.44445 -0.92 0.54901963 0.5568628 0.5764706
vn 0.8137597 0.33707783 6.9341255e-08
f 1948//650 1949//650 1950//650
v 1.4 0.496 -0.92 0.54901963 0.5568628 0.5764706
v 1.52445 0.44445 -0.92 0.54901963 0.5568628 0.5764706
v 1.52445 0.44445 -0.93 0.54901963 0.5568628 0.5764706
vn 0.3370777 0.8137597 -1.1043867e-08
f 1951//651 1952//651 1953//651
v -2.31 0.22 0.88 0.15686275 0.15686275 0.16862746
v -2.25 0.22 0.88 0.15686275 0.15686275 0.16862746
v -2.25 0.44 0.88 0.15686275 0.15686275 0.16862746
vn 0 0 1
f 1954//652 1955//652 1956//652
v -2.31 0.22 0.88 0.15686275 0.15686275 0.16862746
v -2.25 0.44 0.88 0.15686275 0.15686275 0.16862746
v -2.31 0.44 0.88 0.15686275 0.15686275 0.16862746
vn 0 0 1
f 1957//653 1958//653 1959//653
v -2.31 0.44 0.88 0.15686275 0.15686275 0.16862746
v -2.25 0.44 0.88 0.15686275 0.15686275 0.16862746
v -2.25 0.44 -0.137142 0.15686275 0.15686275 0.16862746
vn -0 0.99999994 0
f 1960//654 1961//654 1962//654
v -2.31 0.22 0.88 0.15686275 0.15686275 0.16862746
v -2.31 0.22 -0.88 0.15686275 0.15686275 0.16862746
v -2.25 0.22 0.88 0.15686275 0.15686275 0.16862746
vn 0 -1 0
f 1963//655 1964//655 1965//655
v -2.31 0.22 0.88 0.15686275 0.15686275 0.16862746
v -2.31 0.44 0.88 0.15686275 0.15686275 0.16862746
v -2.31 0.44 -0.88 0.15686275 0.15686275 0.16862746
vn -1 0 0
f 1966//656 1967//656 1968//656
v -2.31 0.22 -0.88 0.15686275 0.15686275 0.16862746
v -2.25 0.22 -0.88 0.15686275 0.15686275 0.16862746
v -2.25 0.22 0.88 0.15686275 0.15686275 0.16862746
vn 0 -1 0
f 1969//657 1970//657 1971//657
v -2.31 0.22 0.88 0.15686275 0.15686275 0.16862746
v -2.31 0.44 -0.88 0.15686275 0.15686275 0.16862746
v -2.31 0.22 -0.88 0.15686275 0.15686275 0.16862746
vn -1 0 0
f 1972//658 1973//658 1974//658
v -2.31 0.44 0.88 0.15686275 0.15686275 0.16862746
v -2.25 0.44 -0.137142 0.15686275 0.15686275 0.16862746
v -2.31 0.44 -0.88 0.15686275 0.15686275 0.16862746
vn 0 1 0
f 1975//659 1976//659 1977//659
v -2.31 0.22 -0.88 0.15686275 0.15686275 0.16862746
v -2.31 0.44 -0.88 0.15686275 0.15686275 0.16862746
v -2.25 0.22 -0.88 0.15686275 0.15686275 0.16862746
vn 0 0 -1
f 1978//660 1979//660 1980//660
v -2.31 0.44 -0.88 0.15686275 0.15686275 0.16862746
v -2.25 0.44 -0.137142 0.15686275 0.15686275 0.16862746
v -2.25 0.44 -0.88 0.15686275 0.15686275 0.16862746
vn 0 1 0
f 1981//661 1982//661 1983//661
v -2.31 0.44 -0.88 0.15686275 0.15686275 0.16862746
v -2.25 0.44 -0.88 0.15686275 0.15686275 0.16862746
v -2.25 0.22 -0.88 0.15686275 0.15686275 0.16862746
vn 0 0 -1
f 1984//662 1985//662 1986//662
v 2.31 0.22 0.88 0.15686275 0.15686275 0.16862746
v 2.31 0.44 0.88 0.15686275 0.15686275 0.16862746
v 2.25 0.22 0.88 0.15686275 0.15686275 0.16862746
vn 0 -0 1
f 1987//663 1988//663 1989//663
v 2.31 0.44 0.88 0.15686275 0.15686275 0.16862746
v 2.25 0.44 0.88 0.15686275 0.15686275 0.16862746
v 2.25 0.22 0.88 0.15686275 0.15686275 0.16862746
vn 0 0 1
f 1990//664 1991//664 1992//664
v 2.31 0.22 0.88 0.15686275 0.15686275 0.16862746
v 2.25 0.22 0.88 0.15686275 0.15686275 0.16862746
v 2.25 0.22 -0.88 0.15686275 0.15686275 0.16862746
vn -0 -1 0
f 1993//665 1994//665 1995//665
v 2.31 0.22 0.88 0.15686275 0.15686275 0.16862746
v 2.31 0.22 -0.88 0.15686275 0.15686275 0.16862746
v 2.31 0.44 0.88 0.15686275 0.15686275 0.16862746
vn 1 -0 0
f 1996//666 1997//666 1998//666
v 2.27 0.46 0.45 0.15686275 0.15686275 0.16862746
v 2.27 0.62 0.45 0.15686275 0.15686275 0.16862746
v 2.25 0.46 0.45 0.15686275 0.15686275 0.16862746
vn 0 -0 0.99715424
f 1999//667 2000//667 2001//667
v 2.31 0.44 0.88 0.15686275 0.15686275 0.16862746
v 2.31 0.44 -0.88 0.15686275 0.15686275 0.16862746
v 2.25 0.44 0.88 0.15686275 0.15686275 0.16862746
vn 0 1 0
f 2002//668 2003//668 2004//668
v 2.27 0.62 0.45 0.15686275 0.15686275 0.16862746
v 2.25 0.62 0.45 0.15686275 0.15686275 0.16862746
v 2.25 0.46 0.45 0.15686275 0.15686275 0.16862746
vn 0 0 0.99715424
f 2005//669 2006//669 2007//669
v 2.27 0.46 0.45 0.15686275 0.15686275 0.16862746
v 2.25 0.46 0.45 0.15686275 0.15686275 0.16862746
v 2.25 0.46 -0.45 0.15686275 0.15686275 0.16862746
vn -0 -1 0
f 2008//670 2009//670 2010//670
v 2.27 0.46 0.45 0.15686275 0.15686275 0.16862746
v 2.27 0.46 -0.45 0.15686275 0.15686275 0.16862746
v 2.27 0.62 0.45 0.15686275 0.15686275 0.16862746
vn 1 -0 0
f 2011//671 2012//671 2013//671
v 2.27 0.62 0.45 0.15686275 0.15686275 0.16862746
v 2.27 0.62 -0.45 0.15686275 0.15686275 0.16862746
v 2.25 0.62 0.45 0.15686275 0.15686275 0.16862746
vn 0 1 0
f 2014//672 2015//672 2016//672
v 2.31 0.22 0.88 0.15686275 0.15686275 0.16862746
v 2.25 0.22 -0.88 0.15686275 0.15686275 0.16862746
v 2.31 0.22 -0.88 0.15686275 0.15686275 0.16862746
vn 0 -1 -0
f 2017//673 2018//673 2019//673
v 2.27 0.46 0.45 0.15686275 0.15686275 0.16862746
v 2.25 0.46 -0.45 0.15686275 0.15686275 0.16862746
v 2.27 0.46 -0.45 0.15686275 0.15686275 0.16862746
vn 0 -1 -0
f 2020//674 2021//674 2022//674
v 2.27 0.62 0.45 0.15686275 0.15686275 0.16862746
v 2.27 0.46 -0.45 0.15686275 0.15686275 0.16862746
v 2.27 0.62 -0.45 0.15686275 0.15686275 0.16862746
vn 1 0 0
f 2023//675 2024//675 2025//675
v 2.27 0.62 -0.45 0.15686275 0.15686275 0.16862746
v 2.25 0.62 -0.45 0.15686275 0.15686275 0.16862746
v 2.25 0.62 0.45 0.15686275 0.15686275 0.16862746
vn 0 1 0
f 2026//676 2027//676 2028//676
v 2.31 0.44 0.88 0.15686275 0.15686275 0.16862746
v 2.31 0.22 -0.88 0.15686275 0.15686275 0.16862746
v 2.31 0.44 -0.88 0.15686275 0.15686275 0.16862746
vn 1 0 0
f 2029//677 2030//677 2031//677
v 2.31 0.44 -0.88 0.15686275 0.15686275 0.16862746
v 2.25 0.44 -0.88 0.15686275 0.15686275 0.16862746
v 2.25 0.44 0.88 0.15686275 0.15686275 0.16862746
vn 0 1 0
f 2032//678 2033//678 2034//678
v 2.27 0.46 -0.45 0.15686275 0.15686275 0.16862746
v 2.25 0.46 -0.45 0.15686275 0.15686275 0.16862746
v 2.25 0.62 -0.45 0.15686275 0.15686275 0.16862746
vn 0 0 -0.99715424
f 2035//679 2036//679 2037//679
v 2.27 0.46 -0.45 0.15686275 0.15686275 0.16862746
v 2.25 0.62 -0.45 0.15686275 0.15686275 0.16862746
v 2.27 0.62 -0.45 0.15686275 0.15686275 0.16862746
vn 0 0 -0.99715424
f 2038//680 2039//680 2040//680
v 2.31 0.22 -0.88 0.15686275 0.15686275 0.16862746
v 2.25 0.22 -0.88 0.15686275 0.15686275 0.16862746
v 2.25 0.44 -0.88 0.15686275 0.15686275 0.16862746
vn 0 0 -1
f 2041//681 2042//681 2043//681
v 2.31 0.22 -0.88 0.15686275 0.15686275 0.16862746
v 2.25 0.44 -0.88 0.15686275 0.15686275 0.16862746
v 2.31 0.44 -0.88 0.15686275 0.15686275 0.16862746
vn 0 0 -1
f 2044//682 2045//682 2046//682
v 2.27 0.56 0.82 1 0.95686275 0.81960785
v 2.27 0.69 0.82 1 0.95686275 0.81960785
v 2.25 0.56 0.82 1 0.95686275 0.81960785
vn 0 -0 0.99030864
f 2047//683 2048//683 2049//683
v 2.27 0.69 0.82 1 0.95686275 0.81960785
v 2.25 0.68 0.82 1 0.95686275 0.81960785
v 2.25 0.56 0.82 1 0.95686275 0.81960785
vn 0 0 0.98543835
f 2050//684 2051//684 2052//684
v 2.27 0.69 0.82 1 0.95686275 0.81960785
v 2.24 0.69 0.82 1 0.95686275 0.81960785
v 2.25 0.68 0.82 1 0.95686275 0.81960785
vn 0 0 0.29788718
f 2053//685 2054//685 2055//685
v 2.27 0.56 0.82 1 0.95686275 0.81960785
v 2.25 0.56 0.82 1 0.95686275 0.81960785
v 2.25 0.56 0.54 1 0.95686275 0.81960785
vn -0 -0.99997914 0
f 2056//686 2057//686 2058//686
v 2.27 0.56 0.82 1 0.95686275 0.81960785
v 2.27 0.56 0.54 1 0.95686275 0.81960785
v 2.27 0.69 0.82 1 0.95686275 0.81960785
vn 1 -0 0
f 2059//687 2060//687 2061//687
v 2.27 0.69 0.82 1 0.95686275 0.81960785
v 2.27 0.69 0.54 1 0.95686275 0.81960785
v 2.24 0.69 0.82 1 0.95686275 0.81960785
vn 0 0.9999999 0
f 2062//688 2063//688 2064//688
v 2.27 0.56 0.82 1 0.95686275 0.81960785
v 2.25 0.56 0.54 1 0.95686275 0.81960785
v 2.27 0.56 0.54 1 0.95686275 0.81960785
vn 0 -0.99997914 -0
f 2065//689 2066//689 2067//689
v 2.27 0.56 0.54 1 0.95686275 0.81960785
v 2.25 0.56 0.54 1 0.95686275 0.81960785
v 2.25 0.68 0.54 1 0.95686275 0.81960785
vn 0 0 -0.98543835
f 2068//690 2069//690 2070//690
v 2.27 0.69 0.82 1 0.95686275 0.81960785
v 2.27 0.56 0.54 1 0.95686275 0.81960785
v 2.27 0.69 0.54 1 0.95686275 0.81960785
vn 1 0 0
f 2071//691 2072//691 2073//691
v 2.27 0.69 0.54 1 0.95686275 0.81960785
v 2.24 0.69 0.54 1 0.95686275 0.81960785
v 2.24 0.69 0.82 1 0.95686275 0.81960785
vn 0 0.9999999 0
f 2074//692 2075//692 2076//692
v 2.27 0.56 0.54 1 0.95686275 0.81960785
v 2.25 0.68 0.54 1 0.95686275 0.81960785
v 2.27 0.69 0.54 1 0.95686275 0.81960785
vn 0 0 -0.99030864
f 2077//693 2078//693 2079//693
v 2.27 0.69 0.54 1 0.95686275 0.81960785
v 2.25 0.68 0.54 1 0.95686275 0.81960785
v 2.24 0.69 0.54 1 0.95686275 0.81960785
vn -0 0 -0.29788718
f 2080//694 2081//694 2082//694
v 2.27 0.56 -0.54 1 0.95686275 0.81960785
v 2.27 0.69 -0.54 1 0.95686275 0.81960785
v 2.25 0.56 -0.54 1 0.95686275 0.81960785
vn 0 -0 0.99030864
f 2083//695 2084//695 2085//695
v 2.27 0.56 -0.54 1 0.95686275 0.81960785
v 2.25 0.56 -0.54 1 0.95686275 0.81960785
v 2.25 0.56 -0.82 1 0.95686275 0.81960785
vn -0 -0.99997914 0
f 2086//696 2087//696 2088//696
v 2.27 0.56 -0.54 1 0.95686275 0.81960785
v 2.27 0.56 -0.82 1 0.95686275 0.81960785
v 2.27 0.69 -0.54 1 0.95686275 0.81960785
vn 1 -0 0
f 2089//697 2090//697 2091//697
v 2.27 0.69 -0.54 1 0.95686275 0.81960785
v 2.25 0.68 -0.54 1 0.95686275 0.81960785
v 2.25 0.56 -0.54 1 0.95686275 0.81960785
vn 0 0 0.98543835
f 2092//698 2093//698 2094//698
v 2.27 0.69 -0.54 1 0.95686275 0.81960785
v 2.24 0.69 -0.54 1 0.95686275 0.81960785
v 2.25 0.68 -0.54 1 0.95686275 0.81960785
vn 0 0 0.29788718
f 2095//699 2096//699 2097//699
v 2.27 0.69 -0.54 1 0.95686275 0.81960785
v 2.27 0.69 -0.82 1 0.95686275 0.81960785
v 2.24 0.69 -0.54 1 0.95686275 0.81960785
vn 0 0.9999999 0
f 2098//700 2099//700 2100//700
v 2.27 0.56 -0.54 1 0.95686275 0.81960785
v 2.25 0.56 -0.82 1 0.95686275 0.81960785
v 2.27 0.56 -0.82 1 0.95686275 0.81960785
vn 0 -0.99997914 -0
f 2101//701 2102//701 2103//701
v 2.27 0.69 -0.54 1 0.95686275 0.81960785
v 2.27 0.56 -0.82 1 0.95686275 0.81960785
v 2.27 0.69 -0.82 1 0.95686275 0.81960785
vn 1 0 0
f 2104//702 2105//702 2106//702
v 2.27 0.69 -0.82 1 0.95686275 0.81960785
v 2.24 0.69 -0.82 1 0.95686275 0.81960785
v 2.24 0.69 -0.54 1 0.95686275 0.81960785
vn 0 0.9999999 0
f 2107//703 2108//703 2109//703
v 2.27 0.56 -0.82 1 0.95686275 0.81960785
v 2.25 0.56 -0.82 1 0.95686275 0.81960785
v 2.25 0.68 -0.82 1 0.95686275 0.81960785
vn 0 0 -0.98543835
f 2110//704 2111//704 2112//704
v 2.27 0.56 -0.82 1 0.95686275 0.81960785
v 2.25 0.68 -0.82 1 0.95686275 0.81960785
v 2.27 0.69 -0.82 1 0.95686275 0.81960785
vn 0 0 -0.99030864
f 2113//705 2114//705 2115//705
v 2.27 0.69 -0.82 1 0.95686275 0.81960785
v 2.25 0.68 -0.82 1 0.95686275 0.81960785
v 2.24 0.69 -0.82 1 0.95686275 0.81960785
vn -0 0 -0.29788718
f 2116//706 2117//706 2118//706
v -2.27 0.58 0.84 0.8 0.11764706 0.09803922
v -2.27 0.58 0.64 0.8 0.11764706 0.09803922
v -2.25 0.58 0.84 0.8 0.11764706 0.09803922
vn 0 -0.9994465 0
f 2119//707 2120//707 2121//707
v -2.27 0.58 0.84 0.8 0.11764706 0.09803922
v -2.25 0.58 0.84 0.8 0.11764706 0.09803922
v -2.25 0.74 0.84 0.8 0.11764706 0.09803922
vn 0 0 0.9971542
f 2122//708 2123//708 2124//708
v -2.27 0.58 0.84 0.8 0.11764706 0.09803922
v -2.25 0.74 0.84 0.8 0.11764706 0.09803922
v -2.27 0.74 0.84 0.8 0.11764706 0.09803922
vn 0 0 0.9971542
f 2125//709 2126//709 2127//709
v -2.27 0.58 0.84 0.8 0.11764706 0.09803922
v -2.27 0.74 0.84 0.8 0.11764706 0.09803922
v -2.27 0.74 0.64 0.8 0.11764706 0.09803922
vn -1 0 0
f 2128//710 2129//710 2130//710
v -2.27 0.58 0.64 0.8 0.11764706 0.09803922
v -2.25 0.58 0.64 0.8 0.11764706 0.09803922
v -2.25 0.58 0.84 0.8 0.11764706 0.09803922
vn 0 -0.9994465 0
f 2131//711 2132//711 2133//711
v -2.27 0.58 0.84 0.8 0.11764706 0.09803922
v -2.27 0.74 0.64 0.8 0.11764706 0.09803922
v -2.27 0.58 0.64 0.8 0.11764706 0.09803922
vn -1 0 0
f 2134//712 2135//712 2136//712
v -2.27 0.58 0.64 0.8 0.11764706 0.09803922
v -2.27 0.74 0.64 0.8 0.11764706 0.09803922
v -2.25 0.58 0.64 0.8 0.11764706 0.09803922
vn 0 0 -0.9971542
f 2137//713 2138//713 2139//713
v -2.27 0.74 0.64 0.8 0.11764706 0.09803922
v -2.25 0.74 0.64 0.8 0.11764706 0.09803922
v -2.25 0.58 0.64 0.8 0.11764706 0.09803922
vn 0 0 -0.9971542
f 2140//714 2141//714 2142//714
v -2.27 0.74 0.84 0.8 0.11764706 0.09803922
v -2.25 0.74 0.84 0.8 0.11764706 0.09803922
v -2.25 0.74 0.64 0.8 0.11764706 0.09803922
vn -0 0.9994465 0
f 2143//715 2144//715 2145//715
v -2.27 0.74 0.84 0.8 0.11764706 0.09803922
v -2.25 0.74 0.64 0.8 0.11764706 0.09803922
v -2.27 0.74 0.64 0.8 0.11764706 0.09803922
vn 0 0.9994465 0
f 2146//716 2147//716 2148//716
v -2.27 0.58 -0.64 0.8 0.11764706 0.09803922
v -2.27 0.58 -0.84 0.8 0.11764706 0.09803922
v -2.25 0.58 -0.64 0.8 0.11764706 0.09803922
vn 0 -0.9994465 0
f 2149//717 2150//717 2151//717
v -2.27 0.58 -0.64 0.8 0.11764706 0.09803922
v -2.25 0.58 -0.64 0.8 0.11764706 0.09803922
v -2.25 0.74 -0.64 0.8 0.11764706 0.09803922
vn 0 0 0.9971542
f 2152//718 2153//718 2154//718
v -2.27 0.58 -0.64 0.8 0.11764706 0.09803922
v -2.25 0.74 -0.64 0.8 0.11764706 0.09803922
v -2.27 0.74 -0.64 0.8 0.11764706 0.09803922
vn 0 0 0.9971542
f 2155//719 2156//719 2157//719
v -2.27 0.58 -0.64 0.8 0.11764706 0.09803922
v -2.27 0.74 -0.64 0.8 0.11764706 0.09803922
v -2.27 0.74 -0.84 0.8 0.11764706 0.09803922
vn -1 0 0
f 2158//720 2159//720 2160//720
v -2.27 0.58 -0.84 0.8 0.11764706 0.09803922
v -2.25 0.58 -0.84 0.8 0.11764706 0.09803922
v -2.25 0.58 -0.64 0.8 0.11764706 0.09803922
vn 0 -0.9994465 0
f 2161//721 2162//721 2163//721
v -2.27 0.58 -0.64 0.8 0.11764706 0.09803922
v -2.27 0.74 -0.84 0.8 0.11764706 0.09803922
v -2.27 0.58 -0.84 0.8 0.11764706 0.09803922
vn -1 0 0
f 2164//722 2165//722 2166//722
v -2.27 0.58 -0.84 0.8 0.11764706 0.09803922
v -2.27 0.74 -0.84 0.8 0.11764706 0.09803922
v -2.25 0.58 -0.84 0.8 0.11764706 0.09803922
vn 0 0 -0.9971542
f 2167//723 2168//723 2169//723
v -2.27 0.74 -0.84 0.8 0.11764706 0.09803922
v -2.25 0.74 -0.84 0.8 0.11764706 0.09803922
v -2.25 0.58 -0.84 0.8 0.11764706 0.09803922
vn 0 0 -0.9971542
f 2170//724 2171//724 2172//724
v -2.27 0.74 -0.64 0.8 0.11764706 0.09803922
v -2.25 0.74 -0.64 0.8 0.11764706 0.09803922
v -2.25 0.74 -0.84 0.8 0.11764706 0.09803922
vn -0 0.9994465 0
f 2173//725 2174//725 2175//725
v -2.27 0.74 -0.64 0.8 0.11764706 0.09803922
v -2.25 0.74 -0.84 0.8 0.11764706 0.09803922
v -2.27 0.74 -0.84 0.8 0.11764706 0.09803922
vn 0 0.9994465 0
f 2176//726 2177//726 2178//726
v 0.5 0.9 1.02 0.15686275 0.15686275 0.16862746
v 0.5 1 1.02 0.15686275 0.15686275 0.16862746
v 0.5 1 0.9 0.15686275 0.15686275 0.16862746
vn -1 0 0
f 2179//727 2180//727 2181//727
v 0.5 0.9 1.02 0.15686275 0.15686275 0.16862746
v 0.62 1 1.02 0.15686275 0.15686275 0.16862746
v 0.5 1 1.02 0.15686275 0.15686275 0.16862746
vn 0 0 1
f 2182//728 2183//728 2184//728
v 0.5 0.9 1.02 0.15686275 0.15686275 0.16862746
v 0.5 0.9 0.9 0.15686275 0.15686275 0.16862746
v 0.62 0.9 0.9 0.15686275 0.15686275 0.16862746
vn 0 -1 0
f 2185//729 2186//729 2187//729
v 0.5 0.9 1.02 0.15686275 0.15686275 0.16862746
v 0.5 1 0.9 0.15686275 0.15686275 0.16862746
v 0.5 0.9 0.9 0.15686275 0.15686275 0.16862746
vn -1 0 0
f 2188//730 2189//730 2190//730
v 0.5 0.9 0.9 0.15686275 0.15686275 0.16862746
v 0.5 1 0.9 0.15686275 0.15686275 0.16862746
v 0.62 0.9 0.9 0.15686275 0.15686275 0.16862746
vn 0 0 -1
f 2191//731 2192//731 2193//731
v 0.5 1 1.02 0.15686275 0.15686275 0.16862746
v 0.62 1 1.02 0.15686275 0.15686275 0.16862746
v 0.5 1 0.9 0.15686275 0.15686275 0.16862746
vn -0 1 0
f 2194//732 2195//732 2196//732
v 0.5 0.9 1.02 0.15686275 0.15686275 0.16862746
v 0.62 0.9 0.9 0.15686275 0.15686275 0.16862746
v 0.62 0.9 1.02 0.15686275 0.15686275 0.16862746
vn 0 -1 0
f 2197//733 2198//733 2199//733
v 0.5 0.9 1.02 0.15686275 0.15686275 0.16862746
v 0.62 0.9 1.02 0.15686275 0.15686275 0.16862746
v 0.62 1 1.02 0.15686275 0.15686275 0.16862746
vn 0 0 1
f 2200//734 2201//734 2202//734
v 0.62 0.9 1.02 0.15686275 0.15686275 0.16862746
v 0.62 0.9 0.9 0.15686275 0.15686275 0.16862746
v 0.62 1 1.02 0.15686275 0.15686275 0.16862746
vn 1 -0 0
f 2203//735 2204//735 2205//735
v 0.62 0.9 0.9 0.15686275 0.15686275 0.16862746
v 0.62 1 0.9 0.15686275 0.15686275 0.16862746
v 0.62 1 1.02 0.15686275 0.15686275 0.16862746
vn 1 0 0
f 2206//736 2207//736 2208//736
v 0.5 1 0.9 0.15686275 0.15686275 0.16862746
v 0.62 1 0.9 0.15686275 0.15686275 0.16862746
v 0.62 0.9 0.9 0.15686275 0.15686275 0.16862746
vn 0 0 -1
f 2209//737 2210//737 2211//737
v 0.5 1 0.9 0.15686275 0.15686275 0.16862746
v 0.62 1 1.02 0.15686275 0.15686275 0.16862746
v 0.62 1 0.9 0.15686275 0.15686275 0.16862746
vn 0 1 0
f 2212//738 2213//738 2214//738
v 0.5 0.9 -0.9 0.15686275 0.15686275 0.16862746
v 0.5 1 -0.9 0.15686275 0.15686275 0.16862746
v 0.5 1 -1.02 0.15686275 0.15686275 0.16862746
vn -1 0 0
f 2215//739 2216//739 2217//739
v 0.5 0.9 -0.9 0.15686275 0.15686275 0.16862746
v 0.62 1 -0.9 0.15686275 0.15686275 0.16862746
v 0.5 1 -0.9 0.15686275 0.15686275 0.16862746
vn 0 0 1
f 2218//740 2219//740 2220//740
v 0.5 0.9 -0.9 0.15686275 0.15686275 0.16862746
v 0.5 0.9 -1.02 0.15686275 0.15686275 0.16862746
v 0.62 0.9 -1.02 0.15686275 0.15686275 0.16862746
vn 0 -1 0
f 2221//741 2222//741 2223//741
v 0.5 0.9 -0.9 0.15686275 0.15686275 0.16862746
v 0.5 1 -1.02 0.15686275 0.15686275 0.16862746
v 0.5 0.9 -1.02 0.15686275 0.15686275 0.16862746
vn -1 0 0
f 2224//742 2225//742 2226//742
v 0.5 0.9 -1.02 0.15686275 0.15686275 0.16862746
v 0.5 1 -1.02 0.15686275 0.15686275 0.16862746
v 0.62 0.9 -1.02 0.15686275 0.15686275 0.16862746
vn 0 0 -1
f 2227//743 2228//743 2229//743
v 0.5 1 -0.9 0.15686275 0.15686275 0.16862746
v 0.62 1 -0.9 0.15686275 0.15686275 0.16862746
v 0.5 1 -1.02 0.15686275 0.15686275 0.16862746
vn -0 1 0
f 2230//744 2231//744 2232//744
v 0.5 0.9 -0.9 0.15686275 0.15686275 0.16862746
v 0.62 0.9 -1.02 0.15686275 0.15686275 0.16862746
v 0.62 0.9 -0.9 0.15686275 0.15686275 0.16862746
vn 0 -1 0
f 2233//745 2234//745 2235//745
v 0.5 0.9 -0.9 0.15686275 0.15686275 0.16862746
v 0.62 0.9 -0.9 0.15686275 0.15686275 0.16862746
v 0.62 1 -0.9 0.15686275 0.15686275 0.16862746
vn 0 0 1
f 2236//746 2237//746 2238//746
v 0.62 0.9 -0.9 0.15686275 0.15686275 0.16862746
v 0.62 0.9 -1.02 0.15686275 0.15686275 0.16862746
v 0.62 1 -0.9 0.15686275 0.15686275 0.16862746
vn 1 -0 0
f 2239//747 2240//747 2241//747
v 0.62 0.9 -1.02 0.15686275 0.15686275 0.16862746
v 0.62 1 -1.02 0.15686275 0.15686275 0.16862746
v 0.62 1 -0.9 0.15686275 0.15686275 0.16862746
vn 1 0 0
f 2242//748 2243//748 2244//748
v 0.5 1 -1.02 0.15686275 0.15686275 0.16862746
v 0.62 1 -1.02 0.15686275 0.15686275 0.16862746
v 0.62 0.9 -1.02 0.15686275 0.15686275 0.16862746
vn 0 0 -1
f 2245//749 2246//749 2247//749
v 0.5 1 -1.02 0.15686275 0.15686275 0.16862746
v 0.62 1 -0.9 0.15686275 0.15686275 0.16862746
v 0.62 1 -1.02 0.15686275 0.15686275 0.16862746
vn 0 1 0
f 2248//750 2249//750 2250//750
v -0.88 1.36 0.79 0.91764706 0.91764706 0.91764706
v -0.85 1.38 0.79 0.91764706 0.91764706 0.91764706
v -0.88 1.42 0.79 0.91764706 0.91764706 0.91764706
vn 0 0 0.95110124
f 2251//751 2252//751 2253//751
v -0.88 1.36 0.79 0.91764706 0.91764706 0.91764706
v -0.86875 1.36 0.79 0.91764706 0.91764706 0.91764706
v -0.85 1.38 0.79 0.91764706 0.91764706 0.91764706
vn 0 0 0.2264081
f 2254//752 2255//752 2256//752
v -0.88 1.42 0.79 0.91764706 0.91764706 0.91764706
v -0.85 1.38 0.79 0.91764706 0.91764706 0.91764706
v -0.61 1.38 0.79 0.91764706 0.91764706 0.91764706
vn 0 0 1
f 2257//753 2258//753 2259//753
v -0.61 1.36 0.79 0.91764706 0.91764706 0.91764706
v -0.385 1.36 0.79 0.91764706 0.91764706 0.91764706
v -0.61 1.38 0.79 0.91764706 0.91764706 0.91764706
vn 0 0 0.99980116
f 2260//754 2261//754 2262//754
v -0.61 1.36 0.79 0.91764706 0.91764706 0.91764706
v -0.61 1.36 0.773333 0.91764706 0.91764706 0.91764706
v -0.385 1.36 0.773333 0.91764706 0.91764706 0.91764706
vn 0 -0.9990766 0
f 2263//755 2264//755 2265//755
v -0.61 1.36 0.79 0.91764706 0.91764706 0.91764706
v -0.385 1.36 0.773333 0.91764706 0.91764706 0.91764706
v -0.385 1.36 0.79 0.91764706 0.91764706 0.91764706
vn 0 -0.9990766 0
f 2266//756 2267//756 2268//756
v -0.61 1.38 0.79 0.91764706 0.91764706 0.91764706
v -0.385 1.36 0.79 0.91764706 0.91764706 0.91764706
v -0.385 1.38 0.79 0.91764706 0.91764706 0.91764706
vn -0 0 0.99980116
f 2269//757 2270//757 2271//757
v -0.88 1.42 0.79 0.91764706 0.91764706 0.91764706
v -0.61 1.38 0.79 0.91764706 0.91764706 0.91764706
v 0.23 1.42 0.79 0.91764706 0.91764706 0.91764706
vn -0 0 0.99999994
f 2272//758 2273//758 2274//758
v -0.61 1.38 0.79 0.91764706 0.91764706 0.91764706
v -0.385 1.38 0.79 0.91764706 0.91764706 0.91764706
v 0.23 1.42 0.79 0.91764706 0.91764706 0.91764706
vn 0 0 1
f 2275//759 2276//759 2277//759
v -0.262916 1.36 0.79 0.91764706 0.91764706 0.91764706
v 0.1 1.38 0.79 0.91764706 0.91764706 0.91764706
v -0.265 1.38 0.79 0.91764706 0.91764706 0.91764706
vn 0 -0 0.99999934
f 2278//760 2279//760 2280//760
v -0.262916 1.36 0.79 0.91764706 0.91764706 0.91764706
v -0.262916 1.36 0.773333 0.91764706 0.91764706 0.91764706
v 0.1 1.36 0.773333 0.91764706 0.91764706 0.91764706
vn 0 -0.9999917 0
f 2281//761 2282//761 2283//761
v -0.262916 1.36 0.79 0.91764706 0.91764706 0.91764706
v 0.1 1.36 0.773333 0.91764706 0.91764706 0.91764706
v 0.1 1.36 0.79 0.91764706 0.91764706 0.91764706
vn 0 -0.9999917 0
f 2284//762 2285//762 2286//762
v -0.262916 1.36 0.79 0.91764706 0.91764706 0.91764706
v 0.1 1.36 0.79 0.91764706 0.91764706 0.91764706
v 0.1 1.38 0.79 0.91764706 0.91764706 0.91764706
vn 0 0 0.9999993
f 2287//763 2288//763 2289//763
v -0.385 1.38 0.79 0.91764706 0.91764706 0.91764706
v -0.265 1.38 0.79 0.91764706 0.91764706 0.91764706
v 0.23 1.42 0.79 0.91764706 0.91764706 0.91764706
vn 0 0 0.9998924
f 2290//764 2291//764 2292//764
v -0.88 1.36 0.79 0.91764706 0.91764706 0.91764706
v -0.88 1.36 -0.79 0.91764706 0.91764706 0.91764706
v -0.86875 1.36 0.79 0.91764706 0.91764706 0.91764706
vn 0 -1 0
f 2293//765 2294//765 2295//765
v -0.86875 1.36 0.79 0.91764706 0.91764706 0.91764706
v -0.88 1.36 -0.79 0.91764706 0.91764706 0.91764706
v -0.86875 1.36 0.773333 0.91764706 0.91764706 0.91764706
vn 0 -0.18967913 -0
f 2296//766 2297//766 2298//766
v -0.88 1.36 0.79 0.91764706 0.91764706 0.91764706
v -0.88 1.42 0.79 0.91764706 0.91764706 0.91764706
v -0.88 1.42 -0.79 0.91764706 0.91764706 0.91764706
vn -0.99999994 0 0
f 2299//767 2300//767 2301//767
v -0.88 1.42 0.79 0.91764706 0.91764706 0.91764706
v 0.23 1.42 0.79 0.91764706 0.91764706 0.91764706
v -0.88 1.42 -0.79 0.91764706 0.91764706 0.91764706
vn -0 1 0
f 2302//768 2303//768 2304//768
v -0.88 1.36 -0.79 0.91764706 0.91764706 0.91764706
v -0.86875 1.36 -0.773333 0.91764706 0.91764706 0.91764706
v -0.86875 1.36 0.773333 0.91764706 0.91764706 0.91764706
vn 0 -1 0
f 2305//769 2306//769 2307//769
v -0.88 1.36 0.79 0.91764706 0.91764706 0.91764706
v -0.88 1.42 -0.79 0.91764706 0.91764706 0.91764706
v -0.88 1.36 -0.79 0.91764706 0.91764706 0.91764706
vn -0.99999994 0 0
f 2308//770 2309//770 2310//770
v -0.88 1.42 -0.79 0.91764706 0.91764706 0.91764706
v 0.23 1.42 0.79 0.91764706 0.91764706 0.91764706
v 0.23 1.42 -0.79 0.91764706 0.91764706 0.91764706
vn 0 1 0
f 2311//771 2312//771 2313//771
v -0.88 1.36 -0.79 0.91764706 0.91764706 0.91764706
v -0.86875 1.36 -0.79 0.91764706 0.91764706 0.91764706
v -0.86875 1.36 -0.773333 0.91764706 0.91764706 0.91764706
vn 0 -0.18967913 0
f 2314//772 2315//772 2316//772
v -0.88 1.36 -0.79 0.91764706 0.91764706 0.91764706
v -0.88 1.42 -0.79 0.91764706 0.91764706 0.91764706
v -0.86875 1.36 -0.79 0.91764706 0.91764706 0.91764706
vn 0 0 -0.59875274
f 2317//773 2318//773 2319//773
v -0.86875 1.36 -0.79 0.91764706 0.91764706 0.91764706
v -0.88 1.42 -0.79 0.91764706 0.91764706 0.91764706
v -0.85 1.38 -0.79 0.91764706 0.91764706 0.91764706
vn 0 0 -0.8814869
f 2320//774 2321//774 2322//774
v -0.88 1.42 -0.79 0.91764706 0.91764706 0.91764706
v -0.61 1.38 -0.79 0.91764706 0.91764706 0.91764706
v -0.85 1.38 -0.79 0.91764706 0.91764706 0.91764706
vn 0 0 -1
f 2323//775 2324//775 2325//775
v -0.88 1.42 -0.79 0.91764706 0.91764706 0.91764706
v -0.385 1.38 -0.79 0.91764706 0.91764706 0.91764706
v -0.61 1.38 -0.79 0.91764706 0.91764706 0.91764706
vn 0 0 -1
f 2326//776 2327//776 2328//776
v -0.61 1.36 -0.79 0.91764706 0.91764706 0.91764706
v -0.385 1.36 -0.79 0.91764706 0.91764706 0.91764706
v -0.61 1.36 -0.773333 0.91764706 0.91764706 0.91764706
vn 0 -0.9990766 0
f 2329//777 2330//777 2331//777
v -0.61 1.36 -0.79 0.91764706 0.91764706 0.91764706
v -0.61 1.38 -0.79 0.91764706 0.91764706 0.91764706
v -0.385 1.36 -0.79 0.91764706 0.91764706 0.91764706
vn 0 0 -0.99980116
f 2332//778 2333//778 2334//778
v -0.385 1.36 -0.79 0.91764706 0.91764706 0.91764706
v -0.385 1.36 -0.773333 0.91764706 0.91764706 0.91764706
v -0.61 1.36 -0.773333 0.91764706 0.91764706 0.91764706
vn 0 -0.9990766 0
f 2335//779 2336//779 2337//779
v -0.61 1.38 -0.79 0.91764706 0.91764706 0.91764706
v -0.385 1.38 -0.79 0.91764706 0.91764706 0.91764706
v -0.385 1.36 -0.79 0.91764706 0.91764706 0.91764706
vn 0 0 -0.99980116
f 2338//780 2339//780 2340//780
v -0.88 1.42 -0.79 0.91764706 0.91764706 0.91764706
v -0.265 1.38 -0.79 0.91764706 0.91764706 0.91764706
v -0.385 1.38 -0.79 0.91764706 0.91764706 0.91764706
vn 0 0 -0.9998924
f 2341//781 2342//781 2343//781
v -0.88 1.42 -0.79 0.91764706 0.91764706 0.91764706
v 0.1 1.36 -0.79 0.91764706 0.91764706 0.91764706
v -0.265 1.38 -0.79 0.91764706 0.91764706 0.91764706
vn 0 0 -0.98215836
f 2344//782 2345//782 2346//782
v -0.88 1.42 -0.79 0.91764706 0.91764706 0.91764706
v 0.1 1.38 -0.79 0.91764706 0.91764706 0.91764706
v 0.1 1.36 -0.79 0.91764706 0.91764706 0.91764706
vn 0 0 -0.99999994
f 2347//783 2348//783 2349//783
v -0.88 1.42 -0.79 0.91764706 0.91764706 0.91764706
v 0.2 1.38 -0.79 0.91764706 0.91764706 0.91764706
v 0.1 1.38 -0.79 0.91764706 0.91764706 0.91764706
vn 0 0 -0.9994464
f 2350//784 2351//784 2352//784
v -0.88 1.42 -0.79 0.91764706 0.91764706 0.91764706
v 0.23 1.42 -0.79 0.91764706 0.91764706 0.91764706
v 0.2 1.38 -0.79 0.91764706 0.91764706 0.91764706
vn 0 0 -0.99999994
f 2353//785 2354//785 2355//785
v -0.262916 1.36 -0.79 0.91764706 0.91764706 0.91764706
v 0.1 1.36 -0.79 0.91764706 0.91764706 0.91764706
v -0.262916 1.36 -0.773333 0.91764706 0.91764706 0.91764706
vn 0 -0.9999917 0
f 2356//786 2357//786 2358//786
v -0.262916 1.36 -0.79 0.91764706 0.91764706 0.91764706
v -0.265 1.38 -0.79 0.91764706 0.91764706 0.91764706
v 0.1 1.36 -0.79 0.91764706 0.91764706 0.91764706
vn 0 0 -0.9999993
f 2359//787 2360//787 2361//787
v 0.1 1.36 -0.79 0.91764706 0.91764706 0.91764706
v 0.1 1.36 -0.773333 0.91764706 0.91764706 0.91764706
v -0.262916 1.36 -0.773333 0.91764706 0.91764706 0.91764706
vn 0 -0.9999917 0
f 2362//788 2363//788 2364//788
v -0.265 1.38 0.79 0.91764706 0.91764706 0.91764706
v 0.1 1.38 0.79 0.91764706 0.91764706 0.91764706
v 0.23 1.42 0.79 0.91764706 0.91764706 0.91764706
vn 0 0 1
f 2365//789 2366//789 2367//789
v 0.23 1.36 0.79 0.91764706 0.91764706 0.91764706
v 0.222916 1.36 0.79 0.91764706 0.91764706 0.91764706
v 0.222916 1.36 0.743333 0.91764706 0.91764706 0.91764706
vn -0 -0.3261585 0
f 2368//790 2369//790 2370//790
v 0.1 1.38 0.79 0.91764706 0.91764706 0.91764706
v 0.2 1.38 0.79 0.91764706 0.91764706 0.91764706
v 0.23 1.42 0.79 0.91764706 0.91764706 0.91764706
vn 0 0 0.9994465
f 2371//791 2372//791 2373//791
v 0.222916 1.36 0.79 0.91764706 0.91764706 0.91764706
v 0.23 1.36 0.79 0.91764706 0.91764706 0.91764706
v 0.23 1.42 0.79 0.91764706 0.91764706 0.91764706
vn 0 0 0.4096914
f 2374//792 2375//792 2376//792
v 0.222916 1.36 0.79 0.91764706 0.91764706 0.91764706
v 0.23 1.42 0.79 0.91764706 0.91764706 0.91764706
v 0.2 1.38 0.79 0.91764706 0.91764706 0.91764706
vn 0 -0 0.9142855
f 2377//793 2378//793 2379//793
v 0.23 1.36 0.79 0.91764706 0.91764706 0.91764706
v 0.222916 1.36 0.743333 0.91764706 0.91764706 0.91764706
v 0.222916 1.36 -0.743333 0.91764706 0.91764706 0.91764706
vn 0 -0.99999994 0
f 2380//794 2381//794 2382//794
v 0.23 1.36 0.79 0.91764706 0.91764706 0.91764706
v 0.23 1.36 -0.79 0.91764706 0.91764706 0.91764706
v 0.23 1.42 0.79 0.91764706 0.91764706 0.91764706
vn 0.99999994 -0 0
f 2383//795 2384//795 2385//795
v 0.23 1.36 0.79 0.91764706 0.91764706 0.91764706
v 0.222916 1.36 -0.743333 0.91764706 0.91764706 0.91764706
v 0.222916 1.36 -0.79 0.91764706 0.91764706 0.91764706
vn 0 -0.32615817 0
f 2386//796 2387//796 2388//796
v 0.23 1.36 0.79 0.91764706 0.91764706 0.91764706
v 0.222916 1.36 -0.79 0.91764706 0.91764706 0.91764706
v 0.23 1.36 -0.79 0.91764706 0.91764706 0.91764706
vn 0 -0.99999994 -0
f 2389//797 2390//797 2391//797
v 0.23 1.42 0.79 0.91764706 0.91764706 0.91764706
v 0.23 1.36 -0.79 0.91764706 0.91764706 0.91764706
v 0.23 1.42 -0.79 0.91764706 0.91764706 0.91764706
vn 0.99999994 0 0
f 2392//798 2393//798 2394//798
v 0.222916 1.36 -0.79 0.91764706 0.91764706 0.91764706
v 0.2 1.38 -0.79 0.91764706 0.91764706 0.91764706
v 0.23 1.36 -0.79 0.91764706 0.91764706 0.91764706
vn 0 0 -0.14407077
f 2395//799 2396//799 2397//799
v 0.23 1.36 -0.79 0.91764706 0.91764706 0.91764706
v 0.2 1.38 -0.79 0.91764706 0.91764706 0.91764706
v 0.23 1.42 -0.79 0.91764706 0.91764706 0.91764706
vn 0 0 -0.9511015
f 2398//800 2399//800 2400//800
